"word","results","seed","hansardcount","valence","manualflag"
"consorting",1,0,6,"Anger",0
"lol",0.979559314041957,0,2,"Anger",1
"sotto",0.969653643187814,0,147,"Anger",0
"mummery",0.965613650683527,0,6,"Anger",0
"reprimanding",0.959596976505516,0,7,"Anger",0
"fulminating",0.94102915056313,0,27,"Anger",0
"voce",0.940091282304898,0,153,"Anger",0
"fornication",0.937799472939972,0,9,"Anger",0
"denigrating",0.933711485679014,0,185,"Anger",0
"fulminates",0.933360503180496,0,2,"Anger",0
"manjeet",0.933080422888366,0,2,"Anger",1
"slander",0.932544702097394,0,91,"Anger",0
"calumny",0.926709199452198,0,118,"Anger",0
"bigot",0.926085498013158,0,45,"Anger",0
"strenuously",0.92011368022367,0,229,"Anger",0
"slandering",0.916187090802032,0,5,"Anger",0
"brummer",0.915920340588278,0,5,"Anger",1
"campari",0.9117066331693,0,3,"Anger",1
"vendetta",0.911172515838914,0,187,"Anger",0
"vociferously",0.910354632532873,0,200,"Anger",0
"declaimed",0.91013587313766,0,7,"Anger",0
"mohammedan",0.904944091895195,0,1,"Anger",0
"fulminated",0.904035099445213,0,6,"Anger",0
"hypocrite",0.90053134948643,0,48,"Anger",0
"defaming",0.894465026339437,0,9,"Anger",0
"insinuations",0.891942978029107,0,23,"Anger",0
"dallying",0.889057196324685,0,16,"Anger",0
"belittling",0.887806530443797,0,62,"Anger",0
"epithets",0.875988913025901,0,28,"Anger",0
"braggart",0.874497574479011,0,2,"Anger",0
"javelins",0.870690541671424,0,3,"Anger",0
"profane",0.869765870523411,0,7,"Anger",0
"bigamy",0.864895400968483,0,8,"Anger",0
"ingle",0.864585938583429,0,15,"Anger",1
"slanderous",0.863461458512595,0,11,"Anger",0
"sinning",0.862213487281417,0,5,"Anger",0
"disparages",0.860371985118608,0,11,"Anger",0
"rants",0.858046789752536,0,55,"Anger",0
"regicide",0.85772166448489,0,12,"Anger",0
"remonstrated",0.85740965404549,0,27,"Anger",0
"wolfish",0.857300516288499,0,5,"Anger",0
"belli",0.85587499721777,0,24,"Anger",0
"disrespecting",0.854389415437563,0,14,"Anger",0
"scornfully",0.853343889874949,0,8,"Anger",0
"simony",0.852321954011337,0,2,"Anger",0
"bandera",0.852224367995598,0,1,"Anger",0
"vindictive",0.851080414425261,0,378,"Anger",0
"sambuca",0.851067370505101,0,1,"Anger",1
"thornycroft",0.848903619542805,0,123,"Anger",1
"brandishes",0.847468111736219,0,7,"Anger",0
"shac",0.846040692564253,0,13,"Anger",1
"declaiming",0.845717016823876,0,9,"Anger",0
"ranted",0.844928067663993,0,35,"Anger",0
"condoning",0.841658885270355,0,111,"Anger",0
"conniving",0.840964589124019,0,79,"Anger",0
"moharebeh",0.839447059145223,0,2,"Anger",1
"charlatan",0.839208849621719,0,35,"Anger",0
"dilly",0.83696993169463,0,25,"Anger",1
"duelling",0.836471256451378,0,13,"Anger",0
"catty",0.835550296361438,0,1,"Anger",0
"reproaches",0.834979635818444,0,9,"Anger",0
"mincing",0.834399780409768,0,24,"Anger",0
"jousts",0.833872136031337,0,12,"Anger",0
"joust",0.833192819788279,0,43,"Anger",0
"slur",0.831932057438648,0,447,"Anger",0
"inveighed",0.831843805403666,0,20,"Anger",0
"defamation",0.830607991230928,0,625,"Anger",0
"ridicules",0.828902299180472,0,5,"Anger",0
"satirically",0.828837953206988,0,2,"Anger",0
"tranquiliser",0.826476874233859,0,3,"Anger",0
"heckler",0.825859801123842,0,20,"Anger",0
"treasonous",0.823177326481887,0,1,"Anger",0
"defamatory",0.823131685994388,0,131,"Anger",0
"copping",0.820321541387337,0,15,"Anger",0
"slurs",0.818553088821645,0,104,"Anger",0
"pilger",0.818299189922795,0,51,"Anger",1
"mockingly",0.814951403767297,0,6,"Anger",0
"lj",0.814938791247848,0,3,"Anger",1
"spud",0.81471808921536,0,14,"Anger",0
"turpin",0.812671439999574,0,28,"Anger",1
"scornful",0.812512622710173,0,35,"Anger",0
"bigoted",0.812332153038815,0,106,"Anger",0
"impliedly",0.808941074827512,0,39,"Anger",0
"uttering",0.808335452932517,0,91,"Anger",0
"blackmailing",0.807807311673635,0,63,"Anger",0
"remonstrating",0.807401810264368,0,11,"Anger",0
"incites",0.807234906207028,0,40,"Anger",0
"sulfonate",0.806341790916882,0,2,"Anger",1
"disallows",0.806086478643791,0,5,"Anger",0
"propositioned",0.804324066423341,0,10,"Anger",0
"loudmouth",0.803896282995005,0,1,"Anger",0
"defamed",0.802400272288601,0,50,"Anger",0
"offen",0.80194783207068,0,3,"Anger",1
"traitorous",0.801723820196342,0,6,"Anger",0
"scorning",0.801342288783734,0,4,"Anger",0
"consorted",0.801211516755171,0,4,"Anger",0
"sneering",0.800672756491454,0,193,"Anger",0
"apologia",0.80043092862708,0,46,"Anger",0
"tolhurst",0.799356729988238,0,9,"Anger",1
"slandered",0.797413375325157,0,22,"Anger",0
"dissimulation",0.796583213338405,0,6,"Anger",0
"hiles",0.794408996269095,0,34,"Anger",1
"hurls",0.791316290221635,0,3,"Anger",0
"meritless",0.790422851184128,0,11,"Anger",0
"homophobic",0.790041749737053,0,431,"Anger",1
"pled",0.789827588621602,0,3,"Anger",0
"sacco",0.788999257309242,0,2,"Anger",1
"impiety",0.787159019008239,0,1,"Anger",0
"pimping",0.786906493208609,0,21,"Anger",0
"extorted",0.786260563919512,0,7,"Anger",0
"posy",0.785858855460497,0,1,"Anger",1
"adultery",0.785501158422176,0,108,"Anger",0
"tirades",0.784352720974418,0,12,"Anger",0
"vulgarly",0.784088175865606,0,7,"Anger",0
"verbally",0.783752570698611,0,196,"Anger",0
"unrepentantly",0.783523335499559,0,8,"Anger",0
"decriminalisation",0.782846323664677,0,268,"Anger",0
"orgies",0.782415670447354,0,4,"Anger",0
"insinuation",0.782354188498748,0,64,"Anger",0
"seditious",0.781426082255404,0,17,"Anger",0
"trigg",0.781254064103614,0,2,"Anger",1
"cutlasses",0.780622961038556,0,4,"Anger",0
"scurrilous",0.780299547972865,0,237,"Anger",0
"warman",0.779825083580296,0,16,"Anger",0
"cleator",0.779617741620498,0,10,"Anger",1
"bestiality",0.77949933868411,0,24,"Anger",0
"decapitating",0.778660296030607,0,2,"Anger",0
"kushayb",0.778016857561825,0,2,"Anger",1
"slanders",0.777962911630322,0,4,"Anger",0
"diatribes",0.777047531695636,0,25,"Anger",0
"lysa",0.776742242742959,0,10,"Anger",1
"stridently",0.776699047039064,0,30,"Anger",0
"admonishing",0.776577375397765,0,9,"Anger",0
"insolence",0.776266316712542,0,13,"Anger",0
"necrophilia",0.776040721041553,0,17,"Anger",0
"pronounces",0.775890238859279,0,21,"Anger",0
"misquoting",0.775470111979218,0,89,"Anger",0
"interceded",0.77542318887118,0,4,"Anger",0
"abjured",0.775016432664901,0,4,"Anger",0
"heretic",0.774955664556686,0,16,"Anger",0
"denigration",0.774797180751414,0,122,"Anger",0
"counterclaim",0.774513463192415,0,8,"Anger",0
"dursley",0.774286070827739,0,31,"Anger",1
"milward",0.774237262113655,0,3,"Anger",1
"berating",0.774141497243229,0,76,"Anger",0
"virulently",0.773494878136196,0,28,"Anger",0
"fantasist",0.771529365398027,0,11,"Anger",0
"vehemently",0.771179418371384,0,391,"Anger",0
"forde",0.770041831654963,0,19,"Anger",1
"countersued",0.769588683775644,0,2,"Anger",0
"peta",0.769513973946043,0,8,"Anger",1
"wittily",0.769122287233899,0,23,"Anger",0
"humiliates",0.768026147970903,0,14,"Anger",0
"soman",0.767933064841272,0,2,"Anger",1
"disdains",0.767884446443627,0,4,"Anger",0
"cackling",0.767314656340652,0,7,"Anger",0
"buffoon",0.767224167954254,0,16,"Anger",0
"misprision",0.766763269173609,0,2,"Anger",0
"panentheism",0.766723838581221,0,2,"Anger",0
"bankrolling",0.766511216198292,0,49,"Anger",0
"interrogates",0.766478938051587,0,4,"Anger",0
"highwayman",0.766193866996564,0,7,"Anger",0
"blasphemed",0.765794355664582,0,4,"Anger",0
"harangue",0.765162587159095,0,28,"Anger",0
"taunts",0.764869127871469,0,34,"Anger",0
"specious",0.764573949007962,0,311,"Anger",0
"snorted",0.764183564968892,0,8,"Anger",0
"falsehoods",0.763553511670629,0,69,"Anger",0
"insubordinate",0.763014882136293,0,2,"Anger",0
"insinuating",0.762547584324709,0,37,"Anger",0
"hagenbach",0.762166579652698,0,5,"Anger",1
"persecuting",0.762148428669934,0,91,"Anger",0
"oswin",0.762018105433156,0,1,"Anger",1
"shaming",0.761832423794595,0,340,"Anger",0
"martic",0.761726789704867,0,2,"Anger",1
"fabrications",0.761615472645482,0,15,"Anger",0
"oto",0.761566680677578,0,1,"Anger",1
"disowns",0.761420599159532,0,21,"Anger",0
"rednecks",0.760570510680492,0,2,"Anger",0
"feber",0.760440708060895,0,1,"Anger",1
"papist",0.760309776387325,0,18,"Anger",0
"demagogic",0.759904416779502,0,15,"Anger",0
"deriding",0.759342782379228,0,58,"Anger",0
"monicker",0.759169011113048,0,1,"Anger",0
"deirdre",0.758011285557839,0,34,"Anger",1
"solicitation",0.757994358282506,0,13,"Anger",0
"rogerson",0.757947897355004,0,156,"Anger",1
"deceitful",0.757403524160451,0,171,"Anger",0
"nightingales",0.757335320678618,0,33,"Anger",0
"constrictor",0.757239265682517,0,10,"Anger",0
"penitent",0.756999529598944,0,9,"Anger",0
"joya",0.756795920888249,0,12,"Anger",1
"reproached",0.756671596151176,0,11,"Anger",0
"flogged",0.756577240411701,0,76,"Anger",0
"sneers",0.756161885034854,0,56,"Anger",0
"marj",0.755887894940382,0,1,"Anger",1
"castrating",0.755881929520106,0,5,"Anger",0
"speciesism",0.755595732170547,0,2,"Anger",0
"mccloskey",0.75493842800299,0,18,"Anger",1
"egging",0.754510376247326,0,133,"Anger",0
"mistreating",0.754470077012851,0,14,"Anger",0
"coercing",0.753906487108186,0,52,"Anger",0
"taunted",0.753587007904613,0,55,"Anger",0
"chana",0.753486634054046,0,3,"Anger",1
"ridiculing",0.752107308704716,0,51,"Anger",0
"obscene",0.751744217677942,0,852,"Anger",0
"bagman",0.751339128907756,0,6,"Anger",0
"vocative",0.751181901883544,0,1,"Anger",0
"hefted",0.751175622750117,0,15,"Anger",0
"satanist",0.751052178524763,0,8,"Anger",0
"sympathising",0.750882382540072,0,33,"Anger",0
"crucifying",0.750871995883568,0,23,"Anger",0
"carborundum",0.750591998974223,0,1,"Anger",1
"semite",0.750189750340425,0,19,"Anger",0
"denigrated",0.749807569767644,0,187,"Anger",0
"accosting",0.749436205064496,0,3,"Anger",0
"heresy",0.749218368644956,0,66,"Anger",0
"contemptuously",0.748192424493176,0,61,"Anger",0
"misogynistic",0.74779673871973,0,42,"Anger",0
"dissing",0.747380830584165,0,11,"Anger",0
"remonstrance",0.746723674668602,0,10,"Anger",0
"pigheaded",0.746679604490418,0,8,"Anger",0
"railed",0.746327457145343,0,94,"Anger",0
"disdainful",0.74604782209436,0,28,"Anger",0
"innuendos",0.745991839227531,0,26,"Anger",0
"anaerobe",0.745991107415604,0,2,"Anger",0
"sexist",0.745956547723357,0,220,"Anger",0
"headlock",0.745168101191019,0,3,"Anger",0
"vara",0.744987566583515,0,83,"Anger",1
"insulted",0.744833254631144,0,323,"Anger",0
"sympathised",0.744799846338627,0,81,"Anger",0
"cartlidge",0.744562007860156,0,26,"Anger",1
"maginn",0.744370075982855,0,8,"Anger",1
"eschews",0.744040011208185,0,21,"Anger",0
"baiting",0.743885231183423,0,217,"Anger",0
"barracking",0.743485396292701,0,150,"Anger",0
"decapitates",0.743110095675014,0,2,"Anger",0
"trew",0.74258406041027,0,1,"Anger",1
"brandished",0.742254532457043,0,22,"Anger",0
"ravings",0.741154820205562,0,17,"Anger",0
"contenting",0.740993095150905,0,2,"Anger",0
"sodomy",0.740790763474876,0,15,"Anger",0
"indignantly",0.740307135873091,0,11,"Anger",0
"bitters",0.740125621011422,0,6,"Anger",0
"vehemence",0.739981882449597,0,90,"Anger",0
"smirks",0.739452465207181,0,24,"Anger",0
"vilifying",0.739308167901112,0,39,"Anger",0
"uce",0.739127238971175,0,1,"Anger",1
"gesticulated",0.73890512203972,0,3,"Anger",0
"cassock",0.738436803221079,0,1,"Anger",0
"dismissively",0.738387976661754,0,65,"Anger",0
"kini",0.737535959972391,0,1,"Anger",1
"hogshead",0.736598755637551,0,1,"Anger",0
"bridles",0.736377217625606,0,1,"Anger",0
"disbelieves",0.73599381669435,0,13,"Anger",0
"muttley",0.735639405508291,0,12,"Anger",1
"dishonestly",0.735585115061481,0,173,"Anger",0
"normann",0.735169912833754,0,16,"Anger",1
"arius",0.735101080395198,0,2,"Anger",1
"imprisoning",0.734924768390921,0,109,"Anger",0
"entendre",0.734858937878239,0,2,"Anger",1
"marchant",0.734801410741873,0,8,"Anger",1
"disavow",0.73459908341455,0,67,"Anger",0
"oppressing",0.734434966142245,0,51,"Anger",0
"proselytizing",0.73434653798718,0,1,"Anger",0
"derisively",0.734080281847971,0,9,"Anger",0
"teasingly",0.733928997652585,0,8,"Anger",0
"favata",0.733695924086094,0,6,"Anger",1
"sinned",0.732817147539144,0,19,"Anger",0
"ranting",0.732524201911346,0,128,"Anger",0
"insults",0.732217898675115,0,338,"Anger",0
"intemperance",0.732203199865531,0,1,"Anger",0
"hysterically",0.731892499929115,0,23,"Anger",0
"homophobe",0.731876879941843,0,4,"Anger",0
"rebutting",0.731544364818519,0,71,"Anger",0
"blatantly",0.731199140863964,0,458,"Anger",0
"misogynist",0.730871671291935,0,16,"Anger",0
"broadsides",0.73073196875985,0,7,"Anger",0
"roz",0.730726804485273,0,5,"Anger",1
"disputations",0.730550117077383,0,3,"Anger",0
"sycophants",0.730198087129559,0,11,"Anger",0
"acquitting",0.730107866453301,0,15,"Anger",0
"plagiarising",0.729631383936901,0,15,"Anger",0
"moxon",0.729250472445594,0,59,"Anger",1
"diatribe",0.728597067072386,0,183,"Anger",0
"hereinafter",0.727948160899609,0,13,"Anger",0
"disgracing",0.727113291171567,0,3,"Anger",0
"impersonated",0.727050681640281,0,13,"Anger",0
"rabble",0.726985487166718,0,76,"Anger",0
"disparaging",0.726428940108816,0,310,"Anger",0
"berates",0.726420835654839,0,12,"Anger",0
"tartaglia",0.725811007582791,0,1,"Anger",1
"bellone",0.725675799454473,0,1,"Anger",1
"scapegoating",0.725518009958478,0,79,"Anger",0
"invective",0.725377966037305,0,61,"Anger",0
"accusation",0.725339581221191,0,1698,"Anger",0
"schemed",0.724861099270925,0,6,"Anger",0
"sadak",0.724621541511512,0,3,"Anger",1
"bladed",0.723875760388476,0,121,"Anger",0
"gyp",0.723755219512292,0,2,"Anger",0
"tobaccos",0.723323252256859,0,7,"Anger",1
"fingered",0.723039363262154,0,57,"Anger",0
"bristles",0.722481069294043,0,4,"Anger",0
"conspiratorial",0.722217931442283,0,48,"Anger",0
"mclintock",0.72211421591086,0,23,"Anger",1
"skewered",0.721052741362691,0,14,"Anger",0
"mispronouncing",0.720435705757047,0,4,"Anger",0
"impersonating",0.720402331769499,0,23,"Anger",0
"sophistry",0.720193573779978,0,156,"Anger",0
"probert",0.719704141590283,0,6,"Anger",1
"detested",0.719327614910928,0,60,"Anger",0
"lorded",0.718920742233826,0,4,"Anger",0
"criminalised",0.718503910539317,0,369,"Anger",0
"caol",0.71747820843148,0,3,"Anger",1
"yn",0.717360419935048,0,170,"Anger",1
"leering",0.717194840631733,0,5,"Anger",0
"mocked",0.71652068611773,0,188,"Anger",0
"adamantly",0.716317442594993,0,98,"Anger",0
"taunting",0.716159167483151,0,41,"Anger",0
"rebuking",0.716092411787427,0,11,"Anger",0
"incoherently",0.71604663910628,0,15,"Anger",0
"perfunctorily",0.716002237531002,0,12,"Anger",0
"torturing",0.715790753587938,0,76,"Anger",0
"zawiya",0.715272515097675,0,14,"Anger",1
"retaliating",0.715237796325324,0,9,"Anger",0
"treasonable",0.715204200859208,0,22,"Anger",0
"indulges",0.714598959558858,0,52,"Anger",0
"slings",0.714385623222437,0,31,"Anger",0
"fahy",0.714114291342428,0,40,"Anger",1
"viciously",0.714069700682694,0,129,"Anger",0
"ruffian",0.714052867487756,0,2,"Anger",0
"capstick",0.713920545474068,0,8,"Anger",0
"calon",0.713580338493436,0,3,"Anger",0
"episcopi",0.712660202344174,0,15,"Anger",1
"traitor",0.711960028915743,0,40,"Anger",0
"hecklers",0.711101188450644,0,13,"Anger",0
"pitied",0.711032816386619,0,8,"Anger",0
"jabbed",0.710445371054915,0,57,"Anger",0
"cockerham",0.710361626644964,0,2,"Anger",1
"vindictiveness",0.710215142724834,0,77,"Anger",0
"interjections",0.709992802301904,0,28,"Anger",0
"rj",0.709881543522707,0,8,"Anger",1
"hailey",0.709538899250276,0,3,"Anger",1
"civilly",0.709537621102745,0,12,"Anger",0
"procures",0.709270695063224,0,31,"Anger",0
"scanlon",0.709261000742256,0,12,"Anger",1
"beadle",0.70907925927922,0,12,"Anger",1
"legalism",0.708557310390489,0,21,"Anger",0
"stovepipe",0.708491160712365,0,7,"Anger",0
"orden",0.708423869455841,0,4,"Anger",1
"askarov",0.708410854981401,0,1,"Anger",1
"gelli",0.707469836209805,0,5,"Anger",1
"obscenities",0.707206909554369,0,35,"Anger",0
"gladius",0.70672952703157,0,1,"Anger",1
"playfully",0.706617947935444,0,2,"Anger",0
"molesting",0.706103206057947,0,19,"Anger",0
"untruthful",0.705706728794571,0,55,"Anger",0
"gibes",0.705646520075622,0,17,"Anger",0
"immorality",0.705451677342913,0,81,"Anger",0
"insubordination",0.705226172007014,0,15,"Anger",0
"abhorred",0.705178867083754,0,32,"Anger",0
"rhc",0.704832738848253,0,1,"Anger",1
"overtly",0.704784243082112,0,231,"Anger",0
"sargant",0.704741161021413,0,5,"Anger",1
"derides",0.70465540906279,0,26,"Anger",0
"incited",0.704433938023014,0,106,"Anger",0
"disparagingly",0.704280037780302,0,78,"Anger",0
"innuendoes",0.704058802123556,0,16,"Anger",0
"indecently",0.703904166486178,0,21,"Anger",0
"exalting",0.703893014160131,0,6,"Anger",0
"rawat",0.703843733455748,0,1,"Anger",1
"complainant",0.703813750109035,0,619,"Anger",0
"corbin",0.703666835462157,0,7,"Anger",1
"snipes",0.703324487735939,0,3,"Anger",0
"dhari",0.702851381820782,0,1,"Anger",1
"ordaining",0.702839842674835,0,9,"Anger",0
"lewd",0.702278833554264,0,15,"Anger",0
"beretta",0.702189346895759,0,3,"Anger",1
"prefaced",0.701893569643561,0,130,"Anger",0
"malaprop",0.701880421333582,0,2,"Anger",0
"trilled",0.701422827028515,0,1,"Anger",0
"despises",0.701293679307465,0,26,"Anger",0
"intimidates",0.701134686746165,0,34,"Anger",0
"cudgels",0.700634270527119,0,74,"Anger",0
"mtetwa",0.700445219267042,0,2,"Anger",1
"arrant",0.699906197927072,0,99,"Anger",0
"scientologist",0.699847184995156,0,2,"Anger",1
"melodie",0.699181588833333,0,2,"Anger",1
"mendacious",0.699148268400261,0,48,"Anger",0
"denigrates",0.698947800573966,0,55,"Anger",0
"begat",0.698944229097726,0,5,"Anger",0
"emphatically",0.698844389797571,0,636,"Anger",0
"misdemeanour",0.698829860849752,0,98,"Anger",0
"lionesses",0.698763552660363,0,14,"Anger",0
"casus",0.6987009342963,0,19,"Anger",0
"uttered",0.698074243708101,0,717,"Anger",0
"spars",0.698025398709088,0,1,"Anger",0
"tiernan",0.697495153035943,0,2,"Anger",1
"marle",0.69736348453834,0,1,"Anger",1
"styler",0.697274072110216,0,2,"Anger",1
"whore",0.697273708941465,0,9,"Anger",0
"plagiarism",0.697142083881161,0,56,"Anger",0
"georgiou",0.696996834837163,0,4,"Anger",1
"transvestism",0.696881010162744,0,5,"Anger",1
"duplicitous",0.696863661876005,0,104,"Anger",0
"ambiguously",0.696342922881567,0,19,"Anger",0
"cackles",0.696322931613134,0,4,"Anger",0
"supportively",0.695764943581289,0,29,"Anger",0
"tersely",0.695495938385319,0,15,"Anger",0
"chauvinistic",0.695358571149794,0,30,"Anger",0
"equilateral",0.695328429645322,0,1,"Anger",1
"derogatory",0.69516238629998,0,209,"Anger",0
"imprisons",0.694925149858949,0,29,"Anger",0
"conclusory",0.694833813212528,0,1,"Anger",0
"misogyny",0.694810442825284,0,116,"Anger",0
"foreplay",0.694753289442021,0,1,"Anger",1
"repudiate",0.694714124478269,0,296,"Anger",0
"airily",0.694614044063358,0,50,"Anger",0
"retorts",0.694601153491968,0,2,"Anger",0
"dallied",0.694348738525321,0,23,"Anger",0
"mundy",0.694245610982168,0,5,"Anger",1
"lofthouse",0.693916259192995,0,247,"Anger",0
"puerile",0.693688261994293,0,97,"Anger",0
"whithorn",0.693562651301089,0,1,"Anger",1
"harridan",0.693489704292519,0,6,"Anger",0
"shameless",0.693254297089759,0,257,"Anger",0
"apostasy",0.693159913443996,0,47,"Anger",0
"admonished",0.693061577003001,0,116,"Anger",0
"maney",0.692986420986739,0,2,"Anger",1
"elitism",0.692950888432771,0,129,"Anger",0
"emley",0.692644753275399,0,9,"Anger",1
"sadism",0.69240806747475,0,14,"Anger",0
"thoughtless",0.692318277152884,0,100,"Anger",0
"profanities",0.692143830386382,0,2,"Anger",0
"lashings",0.692091126335877,0,13,"Anger",0
"dilatory",0.69186716897762,0,223,"Anger",0
"cafaro",0.691738931572357,0,8,"Anger",1
"kidded",0.691602857895988,0,29,"Anger",0
"swindling",0.69138132150203,0,30,"Anger",0
"whipper",0.691364379635335,0,4,"Anger",0
"animus",0.69096838797097,0,43,"Anger",0
"bowdon",0.69068421989031,0,1,"Anger",1
"incriminated",0.690270172573908,0,5,"Anger",0
"maltreating",0.690218946783245,0,7,"Anger",0
"chastising",0.690142253944418,0,23,"Anger",0
"retaliates",0.689239734252091,0,5,"Anger",0
"mandamus",0.689197438316115,0,7,"Anger",1
"slighting",0.689061238471502,0,9,"Anger",0
"snowden",0.688941815336852,0,79,"Anger",1
"indecent",0.688820001328222,0,435,"Anger",0
"equating",0.688768832891135,0,111,"Anger",0
"rantings",0.688660627893797,0,51,"Anger",0
"lording",0.687878243016655,0,4,"Anger",0
"gauger",0.687793172363295,0,2,"Anger",0
"baling",0.687745613328999,0,13,"Anger",0
"gangsterism",0.687183484749176,0,81,"Anger",0
"temerko",0.687041579282914,0,9,"Anger",1
"vilification",0.68699907756539,0,118,"Anger",0
"leir",0.686524388668775,0,3,"Anger",1
"elbowing",0.686511967405364,0,7,"Anger",0
"tridents",0.686271814426545,0,8,"Anger",0
"bushido",0.686216242432411,0,2,"Anger",1
"disloyal",0.68616555310175,0,105,"Anger",0
"couching",0.686088553139059,0,5,"Anger",0
"childishly",0.685812486980811,0,6,"Anger",0
"brags",0.685573920829726,0,18,"Anger",0
"coerced",0.685566475989256,0,219,"Anger",0
"tacitly",0.685559320099705,0,98,"Anger",0
"bramble",0.685504859607814,0,16,"Anger",0
"jousted",0.685464903093707,0,20,"Anger",0
"dyan",0.685429397349093,0,2,"Anger",1
"flings",0.685143766500168,0,2,"Anger",0
"connived",0.685115466845716,0,111,"Anger",0
"cagoule",0.684967724210088,0,1,"Anger",1
"incitement",0.684799032808263,0,1326,"Anger",0
"aforethought",0.684777407099542,0,20,"Anger",0
"prefacing",0.684272121214915,0,7,"Anger",0
"underhand",0.684085704875533,0,286,"Anger",0
"skeffington",0.683967753136245,0,6,"Anger",1
"confessing",0.683802983645745,0,50,"Anger",0
"snorts",0.683605421306879,0,4,"Anger",0
"impertinence",0.683595471558169,0,91,"Anger",0
"liquorice",0.683123808399422,0,9,"Anger",0
"predestination",0.683059451701157,0,4,"Anger",0
"ribald",0.682770189122436,0,8,"Anger",0
"grandstanding",0.682712535198794,0,192,"Anger",0
"boastful",0.682522657426245,0,44,"Anger",0
"mcbrearty",0.682401187552357,0,3,"Anger",1
"coddling",0.682281524110884,0,6,"Anger",0
"racist",0.681880929604646,0,1574,"Anger",0
"impostors",0.681872538264008,0,2,"Anger",0
"immolated",0.681816469417185,0,1,"Anger",0
"associating",0.681754367933257,0,243,"Anger",0
"whines",0.681699386884207,0,8,"Anger",0
"chucking",0.681685249899393,0,90,"Anger",0
"unreservedly",0.681540750737384,0,772,"Anger",0
"faithlessness",0.681178712152204,0,1,"Anger",0
"butting",0.681100998127951,0,5,"Anger",0
"repented",0.680610769498615,0,91,"Anger",0
"insincere",0.680574422660497,0,48,"Anger",0
"probus",0.680573078547545,0,5,"Anger",1
"disavowed",0.68043775872662,0,32,"Anger",0
"duetting",0.680370375265577,0,1,"Anger",0
"quid",0.68034557746189,0,585,"Anger",1
"cackled",0.680302540476136,0,1,"Anger",0
"outbidding",0.6802662349767,0,20,"Anger",0
"shamelessly",0.68015961118044,0,131,"Anger",0
"daub",0.680062992192352,0,10,"Anger",0
"disown",0.680006524869847,0,190,"Anger",0
"perjuring",0.679893608496856,0,2,"Anger",0
"creedon",0.679769122234145,0,22,"Anger",1
"repentant",0.679705592769247,0,18,"Anger",0
"bragged",0.679291127584554,0,23,"Anger",0
"quarrelled",0.679196035094197,0,19,"Anger",0
"shahada",0.679189882483394,0,2,"Anger",1
"ivermectin",0.679033621209798,0,4,"Anger",1
"gisella",0.678793645127591,0,1,"Anger",1
"subterfuge",0.678777844010086,0,134,"Anger",0
"incenses",0.678767089504317,0,4,"Anger",0
"tizer",0.678459167619287,0,6,"Anger",1
"impudence",0.6783832942682,0,21,"Anger",0
"disavowing",0.678368407750121,0,5,"Anger",0
"manhandling",0.678242559220078,0,8,"Anger",0
"disparaged",0.678208334271557,0,63,"Anger",0
"glorifying",0.67817938348953,0,80,"Anger",0
"venomous",0.678099399278011,0,22,"Anger",0
"mammon",0.678097151603784,0,43,"Anger",0
"perverts",0.678073328460168,0,58,"Anger",0
"castigates",0.677734435208218,0,19,"Anger",0
"intimates",0.677145117250635,0,10,"Anger",0
"homsi",0.67684526777758,0,2,"Anger",1
"excusing",0.676757686784117,0,36,"Anger",0
"beckwith",0.676498989813873,0,22,"Anger",1
"cordite",0.676383956044233,0,7,"Anger",1
"glanton",0.676209115283826,0,2,"Anger",1
"squiggle",0.675790483131487,0,9,"Anger",0
"satanists",0.675553452448835,0,12,"Anger",0
"scimitars",0.675458112775163,0,4,"Anger",0
"loathes",0.675449069604693,0,14,"Anger",0
"disrespectful",0.675263817357565,0,224,"Anger",0
"eliminative",0.674892087499819,0,1,"Anger",0
"sympathiser",0.674671642617279,0,29,"Anger",0
"ravell",0.674579191745767,0,1,"Anger",1
"birkett",0.674444046214301,0,36,"Anger",1
"gloats",0.67443088160204,0,5,"Anger",0
"zealot",0.674292353167365,0,53,"Anger",0
"senda",0.674231035129079,0,3,"Anger",1
"jests",0.674219261774535,0,6,"Anger",0
"nettle",0.674080069002882,0,563,"Anger",0
"lia",0.673998419511548,0,20,"Anger",1
"laughingly",0.673945326298605,0,31,"Anger",0
"inwardly",0.673421759331478,0,40,"Anger",0
"strangler",0.673133589372749,0,8,"Anger",0
"dalliance",0.672409719510569,0,10,"Anger",0
"repudiating",0.6722924840999,0,66,"Anger",0
"masry",0.671743662251673,0,3,"Anger",1
"waen",0.671722314090434,0,3,"Anger",1
"deedes",0.671295462140547,0,17,"Anger",1
"swallowers",0.671239151099417,0,4,"Anger",0
"mein",0.670913519367378,0,14,"Anger",1
"hollingsworth",0.670843223230779,0,22,"Anger",1
"disloyalty",0.670805287463541,0,56,"Anger",0
"detests",0.670800845928485,0,11,"Anger",0
"masturbation",0.670657119111042,0,3,"Anger",0
"mantras",0.670478431070298,0,83,"Anger",0
"maligning",0.67043500282764,0,30,"Anger",0
"drugging",0.670236401694204,0,5,"Anger",0
"feuded",0.669956518258605,0,4,"Anger",0
"repudiates",0.669753658777548,0,42,"Anger",0
"discourteous",0.669426484401598,0,382,"Anger",0
"flogging",0.669172786391582,0,141,"Anger",0
"morphy",0.669141560425632,0,2,"Anger",1
"penknife",0.669026981052069,0,8,"Anger",0
"rost",0.668710193450336,0,14,"Anger",1
"malevolence",0.668598464122946,0,53,"Anger",0
"usp",0.668340852919778,0,18,"Anger",1
"tru",0.667988174621641,0,1,"Anger",1
"agusta",0.667564381271399,0,20,"Anger",1
"sanctimonious",0.667547122400922,0,175,"Anger",0
"broomstick",0.667227854006975,0,5,"Anger",0
"alliteration",0.667105298590492,0,24,"Anger",0
"cursing",0.667101902038909,0,13,"Anger",0
"blasphemy",0.666774938478752,0,432,"Anger",0
"sacrilege",0.666694070819891,0,11,"Anger",0
"mispronounced",0.666659290516646,0,22,"Anger",0
"scatological",0.666316692223619,0,1,"Anger",0
"intramuscular",0.666306360851584,0,2,"Anger",1
"rebutted",0.66616819574033,0,151,"Anger",0
"disputation",0.666023162991891,0,20,"Anger",0
"philanderer",0.665728647542036,0,2,"Anger",0
"jesting",0.665666183730969,0,16,"Anger",0
"magor",0.665022143110064,0,11,"Anger",1
"tampers",0.664771424581497,0,10,"Anger",0
"condoned",0.664757571705292,0,136,"Anger",0
"lesbianism",0.664707766905499,0,11,"Anger",0
"concocting",0.664679264858564,0,24,"Anger",0
"lascivious",0.664666735579637,0,3,"Anger",0
"toye",0.664502694359531,0,11,"Anger",1
"seale",0.66416983082544,0,48,"Anger",1
"disfunction",0.664157096556037,0,2,"Anger",1
"quadrilaterals",0.664005925775896,0,2,"Anger",1
"blasphemers",0.66389146019627,0,5,"Anger",0
"remonstrate",0.663858008756912,0,32,"Anger",0
"chastises",0.663577627178336,0,11,"Anger",0
"haymes",0.663463742786397,0,7,"Anger",1
"parle",0.663461619310058,0,1,"Anger",1
"possessive",0.663195661292422,0,15,"Anger",0
"fawned",0.66304945922069,0,3,"Anger",0
"inveighing",0.662951660847268,0,10,"Anger",0
"capone",0.66291420375889,0,37,"Anger",1
"justa",0.662845174675143,0,3,"Anger",1
"lydeard",0.662624782520216,0,7,"Anger",1
"harasses",0.662457795595959,0,10,"Anger",0
"sycophant",0.662264755507558,0,23,"Anger",0
"martyring",0.662220451236002,0,1,"Anger",0
"minotaurs",0.662219422553575,0,1,"Anger",0
"kinsella",0.662208364885269,0,70,"Anger",1
"caricatured",0.662051521640759,0,94,"Anger",0
"interjecting",0.662034342875929,0,10,"Anger",0
"flippant",0.661963881109274,0,250,"Anger",0
"quitter",0.661842526614774,0,7,"Anger",0
"marise",0.661802574296307,0,2,"Anger",1
"tei",0.661155818585793,0,5,"Anger",1
"giron",0.66103861554761,0,1,"Anger",1
"amuses",0.660946715403574,0,37,"Anger",1
"unprintable",0.660839920414849,0,8,"Anger",0
"screed",0.660812414368504,0,4,"Anger",0
"coope",0.660802729690237,0,4,"Anger",1
"bellowed",0.660590700058556,0,4,"Anger",0
"belittles",0.660054560611568,0,26,"Anger",0
"fricassee",0.659935246030947,0,1,"Anger",1
"hypocrites",0.659611635232772,0,76,"Anger",0
"accosted",0.65934531523646,0,46,"Anger",0
"categorically",0.659314546994847,0,1238,"Anger",0
"disdained",0.659307354170807,0,7,"Anger",0
"falwell",0.659132998299351,0,1,"Anger",1
"misinforming",0.659013166484141,0,19,"Anger",0
"angostura",0.658925012009761,0,6,"Anger",1
"eyeballing",0.658527630023513,0,5,"Anger",0
"wisecracks",0.658480996664208,0,3,"Anger",0
"childish",0.658440570183247,0,154,"Anger",0
"righter",0.658403636203315,0,3,"Anger",1
"ppc",0.658046047412348,0,6,"Anger",1
"heckled",0.658024849917942,0,121,"Anger",0
"shyster",0.657958429292483,0,9,"Anger",0
"lvf",0.657944160507498,0,106,"Anger",1
"sorcery",0.657939918942427,0,6,"Anger",0
"malapropisms",0.657851406321713,0,1,"Anger",0
"mumbles",0.657827517464818,0,36,"Anger",0
"elford",0.657648490023277,0,5,"Anger",1
"abusively",0.657619344970333,0,14,"Anger",0
"impermissible",0.657397379614329,0,33,"Anger",0
"knave",0.656814483433807,0,11,"Anger",0
"instigates",0.656687290998491,0,12,"Anger",0
"determiners",0.65644510420034,0,2,"Anger",0
"espousing",0.656256504217332,0,93,"Anger",0
"exalts",0.656144618602225,0,1,"Anger",0
"unmercifully",0.656103568788252,0,6,"Anger",0
"goading",0.655749585594318,0,23,"Anger",0
"burr",0.65571580165406,0,98,"Anger",0
"vituperation",0.655553425827317,0,13,"Anger",0
"inveigh",0.655471542252414,0,13,"Anger",0
"pillory",0.655329069058717,0,30,"Anger",0
"demoting",0.655285521383676,0,11,"Anger",0
"caligula",0.6552024089911,0,7,"Anger",0
"utterances",0.65492067827837,0,212,"Anger",0
"reprehensible",0.654833147295,0,563,"Anger",0
"heslop",0.654607704959035,0,4,"Anger",1
"sledgehammer",0.654604020718627,0,318,"Anger",0
"deputed",0.654531984658927,0,20,"Anger",0
"masturbate",0.654485937294702,0,4,"Anger",0
"pimped",0.654475625521188,0,2,"Anger",0
"casteism",0.654350478798324,0,1,"Anger",0
"lissack",0.65410464357825,0,1,"Anger",1
"bocking",0.653674355285133,0,9,"Anger",1
"hothead",0.653650012902355,0,1,"Anger",0
"disgusts",0.653540990833467,0,5,"Anger",0
"trotskyism",0.653464967787936,0,3,"Anger",0
"chiffre",0.653242016734848,0,1,"Anger",1
"pathak",0.653240116070574,0,2,"Anger",1
"gratuitous",0.653022680734471,0,364,"Anger",0
"automobil",0.652952395446851,0,1,"Anger",1
"cobras",0.652914900993869,0,3,"Anger",0
"butted",0.652892974057554,0,7,"Anger",0
"scoffs",0.652872610895216,0,42,"Anger",0
"instigation",0.652786805921819,0,349,"Anger",0
"liar",0.652718075630652,0,166,"Anger",0
"perjurer",0.652710922561819,0,5,"Anger",0
"ulcerative",0.652603567570015,0,2,"Anger",0
"polemicist",0.652571605689894,0,1,"Anger",0
"clownish",0.652538889171816,0,6,"Anger",0
"letrozole",0.652527727208577,0,1,"Anger",1
"littlejohn",0.65251173749706,0,12,"Anger",1
"salutes",0.652494488841005,0,35,"Anger",1
"intoned",0.652487611696337,0,6,"Anger",0
"sadists",0.652268274572437,0,7,"Anger",0
"ott",0.652164268359674,0,2,"Anger",1
"javaid",0.652163712754565,0,2,"Anger",1
"implacably",0.651863296782869,0,145,"Anger",0
"militates",0.651842979202829,0,188,"Anger",0
"unconcealed",0.651837581461136,0,1,"Anger",0
"anally",0.651717595197516,0,6,"Anger",1
"incantations",0.651691685927272,0,9,"Anger",0
"condones",0.651640835124653,0,59,"Anger",0
"shopaholic",0.651530647682435,0,4,"Anger",0
"tonks",0.651268613497986,0,4,"Anger",1
"freeborn",0.651221812361736,0,2,"Anger",0
"callously",0.651188062070465,0,104,"Anger",0
"rimfire",0.651099408176613,0,23,"Anger",0
"exclamations",0.650984500907886,0,4,"Anger",0
"allying",0.650494131148235,0,31,"Anger",1
"tieless",0.650434301639781,0,4,"Anger",0
"crockford",0.650432996586551,0,2,"Anger",1
"baseless",0.650425163974512,0,95,"Anger",0
"francie",0.65030755577027,0,20,"Anger",1
"blackshirts",0.650177486667718,0,12,"Anger",0
"doggerel",0.650142540342885,0,4,"Anger",0
"jousting",0.650093720624411,0,47,"Anger",0
"ilkley",0.650090521521975,0,162,"Anger",1
"mustaf",0.650006996741791,0,2,"Anger",1
"hypodermic",0.649990842906211,0,17,"Anger",1
"hac",0.649697269280189,0,9,"Anger",1
"crusaded",0.649660503681279,0,4,"Anger",0
"disdainfully",0.649354610124387,0,7,"Anger",0
"houldsworth",0.649261156718546,0,13,"Anger",1
"knickers",0.649085404189856,0,26,"Anger",1
"huta",0.648975958050921,0,1,"Anger",1
"indiscreet",0.648840940694628,0,27,"Anger",0
"grunted",0.648728282580953,0,7,"Anger",0
"mudhar",0.64870014734673,0,1,"Anger",1
"smirked",0.648615968265528,0,6,"Anger",0
"siracusa",0.648464613349135,0,2,"Anger",1
"atha",0.64840403881656,0,3,"Anger",1
"spouted",0.64832998146646,0,29,"Anger",0
"psychopath",0.648270746806295,0,28,"Anger",0
"townend",0.648146329150106,0,140,"Anger",1
"ostberg",0.648076656367038,0,6,"Anger",1
"flaying",0.647918863556149,0,2,"Anger",0
"beswick",0.647671901812771,0,19,"Anger",1
"neatness",0.647649911575515,0,24,"Anger",0
"vitriol",0.647535935244781,0,50,"Anger",0
"atheling",0.647436370835593,0,1,"Anger",1
"deceives",0.647224741197854,0,20,"Anger",0
"sallies",0.646896298663261,0,34,"Anger",1
"mireille",0.646862049352259,0,5,"Anger",1
"gunrunning",0.646857499416378,0,3,"Anger",0
"snort",0.64681920976555,0,23,"Anger",0
"cicely",0.646792850909273,0,20,"Anger",1
"patronising",0.646790388170575,0,951,"Anger",0
"pcp",0.646789666551546,0,9,"Anger",1
"enright",0.646782082980391,0,117,"Anger",1
"desecrating",0.646763955132185,0,18,"Anger",0
"dal",0.646253702573986,0,4,"Anger",1
"medlicott",0.646014204330542,0,6,"Anger",1
"deceptions",0.646013416390233,0,43,"Anger",0
"irishmen",0.645878009279275,0,27,"Anger",1
"tinkers",0.645821383539045,0,56,"Anger",0
"gossiping",0.645720231462177,0,14,"Anger",0
"harangued",0.645571327475913,0,43,"Anger",0
"ananias",0.645481311949735,0,2,"Anger",1
"berated",0.645390925865733,0,110,"Anger",0
"utters",0.645298721532751,0,31,"Anger",0
"polemic",0.644837380695892,0,37,"Anger",0
"pandering",0.644830446013483,0,180,"Anger",0
"whisperings",0.644821902907503,0,6,"Anger",0
"criminalises",0.644817371984501,0,91,"Anger",0
"decriminalise",0.644812902412474,0,114,"Anger",0
"prattling",0.644745847872042,0,19,"Anger",0
"shenker",0.644632758339504,0,4,"Anger",1
"hater",0.644463908339332,0,2,"Anger",0
"nev",0.644383073357747,0,2,"Anger",1
"parte",0.644306046617304,0,183,"Anger",1
"geoghan",0.644230127474271,0,1,"Anger",1
"reassigning",0.644146344328469,0,8,"Anger",0
"helmsley",0.644143675961064,0,11,"Anger",1
"andreotti",0.644092610908837,0,5,"Anger",1
"ack",0.644051288981397,0,5,"Anger",1
"sodomised",0.644046717039201,0,4,"Anger",0
"sparred",0.644039276451668,0,38,"Anger",0
"casale",0.643948063551234,0,54,"Anger",1
"thereupon",0.643866871174215,0,8,"Anger",0
"kilpatrick",0.643771057468374,0,17,"Anger",1
"beelzebub",0.643734120633004,0,4,"Anger",0
"putdown",0.643702250891622,0,1,"Anger",0
"entwining",0.643533019392122,0,1,"Anger",0
"excommunicated",0.643454784356782,0,7,"Anger",0
"prejudiced",0.643315632892592,0,738,"Anger",0
"otford",0.643258076024787,0,5,"Anger",1
"commiserating",0.643181061714307,0,13,"Anger",0
"scoffing",0.642808003498177,0,56,"Anger",0
"accusers",0.642666350235795,0,40,"Anger",0
"underhanded",0.642391111748466,0,7,"Anger",0
"excoriated",0.642371258292294,0,33,"Anger",0
"unbecoming",0.642166334805423,0,34,"Anger",0
"caffyn",0.642142275830197,0,4,"Anger",1
"elliptically",0.642085369339204,0,11,"Anger",0
"bigotry",0.642063799498658,0,289,"Anger",0
"zarghun",0.641926982015504,0,2,"Anger",1
"disassociating",0.641749529852449,0,3,"Anger",0
"furniss",0.641747811762059,0,13,"Anger",1
"braggadocio",0.641691217210106,0,3,"Anger",0
"dalliances",0.641419346303288,0,7,"Anger",0
"seax",0.641375596842941,0,6,"Anger",1
"spitting",0.641373564703297,0,119,"Anger",0
"miah",0.641258921555539,0,23,"Anger",1
"whitely",0.641134775564966,0,9,"Anger",1
"kiani",0.64110900583364,0,2,"Anger",1
"landlady",0.641087543527845,0,56,"Anger",1
"gelignite",0.640801592910112,0,2,"Anger",1
"stebbing",0.640718135974479,0,8,"Anger",1
"verbosity",0.640690083492408,0,23,"Anger",0
"grudge",0.64065915122662,0,101,"Anger",0
"jabberwocky",0.640628646403286,0,2,"Anger",0
"poonam",0.640536902961225,0,1,"Anger",1
"layng",0.640402007977127,0,2,"Anger",1
"knaves",0.640218397709139,0,13,"Anger",0
"indulged",0.640195380531652,0,306,"Anger",0
"defiling",0.640132268266949,0,2,"Anger",0
"absolving",0.639956686664222,0,35,"Anger",0
"vassall",0.639815253987966,0,6,"Anger",0
"pannage",0.639683562234842,0,2,"Anger",0
"roseanna",0.639582925078948,0,14,"Anger",1
"coerces",0.639288825968433,0,4,"Anger",0
"memorised",0.639280003592024,0,14,"Anger",0
"uncalled",0.639272307839788,0,64,"Anger",0
"supertram",0.639266661107871,0,143,"Anger",1
"submachine",0.639240022630712,0,7,"Anger",1
"proffered",0.639199597209653,0,106,"Anger",0
"sleipnir",0.639168481207381,0,1,"Anger",1
"braying",0.639145327726941,0,22,"Anger",0
"concocted",0.638867330235853,0,114,"Anger",0
"misusing",0.638823765914176,0,226,"Anger",0
"hissed",0.638754252312719,0,5,"Anger",0
"middlewich",0.638608634264812,0,69,"Anger",1
"mascara",0.638196008362763,0,5,"Anger",1
"begbie",0.637929204511509,0,3,"Anger",1
"muttered",0.637601790849462,0,62,"Anger",0
"mcgough",0.637397085788266,0,3,"Anger",1
"rozenberg",0.637348544516648,0,7,"Anger",1
"brooked",0.637338392136801,0,4,"Anger",0
"salvati",0.637242160853698,0,1,"Anger",1
"brucella",0.636697487171126,0,2,"Anger",1
"perfidy",0.636506945051104,0,9,"Anger",0
"smiley",0.636506660771764,0,27,"Anger",1
"whelk",0.63610934589911,0,22,"Anger",0
"ashbrook",0.635831018268728,0,6,"Anger",1
"davina",0.635828857859398,0,5,"Anger",0
"allegation",0.635820767782171,0,2902,"Anger",0
"conjuration",0.635776249224209,0,2,"Anger",0
"salvi",0.635740372544662,0,4,"Anger",1
"unconstitutionally",0.635708822530851,0,22,"Anger",0
"carbolic",0.635641738353714,0,4,"Anger",0
"boromir",0.635611376210621,0,1,"Anger",1
"orchestrates",0.635586511191615,0,2,"Anger",0
"durkin",0.635407846070893,0,10,"Anger",1
"shortt",0.635165930970209,0,1,"Anger",1
"excoriates",0.635062697772986,0,3,"Anger",0
"mercilessly",0.634824116803595,0,49,"Anger",0
"buffoonery",0.634657904275967,0,4,"Anger",0
"iconoclast",0.63462586810006,0,2,"Anger",0
"deontological",0.634624764246768,0,5,"Anger",0
"harrelson",0.634619362150529,0,4,"Anger",1
"institutionalised",0.634531957326378,0,434,"Anger",1
"venial",0.634418162857014,0,3,"Anger",0
"scamming",0.634362220728542,0,13,"Anger",0
"libellous",0.633949666208798,0,48,"Anger",0
"curses",0.633316643485539,0,22,"Anger",0
"trifles",0.633305315804358,0,15,"Anger",0
"bilious",0.633073356470722,0,9,"Anger",0
"humorously",0.632978511264648,0,19,"Anger",0
"shabbily",0.632527954069451,0,88,"Anger",0
"chiding",0.632521518986376,0,73,"Anger",0
"boules",0.63250908907245,0,1,"Anger",1
"harasser",0.632369517156393,0,6,"Anger",0
"wrongfully",0.632300938075122,0,119,"Anger",0
"fulani",0.632273172313146,0,2,"Anger",1
"crudely",0.631990893096688,0,193,"Anger",0
"militantly",0.631742885638897,0,3,"Anger",0
"arscott",0.631616269972187,0,4,"Anger",1
"obscurantism",0.631602578035136,0,11,"Anger",0
"equated",0.63149775110574,0,167,"Anger",0
"corfield",0.631387545482545,0,4,"Anger",1
"sauer",0.631172156383976,0,2,"Anger",1
"screwtape",0.631171165899326,0,1,"Anger",0
"glutton",0.631121871269279,0,18,"Anger",0
"criminalising",0.631109597443722,0,376,"Anger",1
"untruthfully",0.630997381073316,0,9,"Anger",0
"badbury",0.63080682800592,0,1,"Anger",0
"reproved",0.630748947230952,0,9,"Anger",0
"polygamy",0.630649818669642,0,25,"Anger",0
"antisemite",0.630060093042143,0,1,"Anger",0
"masturbating",0.629967858641631,0,5,"Anger",0
"persecute",0.629818903023791,0,97,"Anger",0
"ivano",0.629783612411895,0,4,"Anger",1
"dicle",0.629626457521312,0,3,"Anger",1
"cahoots",0.629611188233769,0,47,"Anger",0
"kadi",0.629522380542655,0,1,"Anger",1
"gauloises",0.629485345035711,0,5,"Anger",1
"lumping",0.629413099791729,0,61,"Anger",0
"ardagh",0.629282138680251,0,1,"Anger",1
"claughton",0.629005346731005,0,6,"Anger",1
"fetishes",0.628758209932674,0,8,"Anger",0
"rereads",0.628517378558966,0,10,"Anger",0
"butchering",0.628486388652663,0,47,"Anger",0
"acetyl",0.628432072501215,0,1,"Anger",1
"spouts",0.628250104942985,0,6,"Anger",0
"outrightly",0.628224178214103,0,4,"Anger",0
"racists",0.628181420908036,0,189,"Anger",0
"harassing",0.628130295829496,0,152,"Anger",0
"hosepipe",0.628058009009143,0,138,"Anger",0
"clenched",0.627762037634727,0,17,"Anger",0
"mundum",0.627740520980468,0,4,"Anger",1
"weevils",0.627695699484562,0,3,"Anger",0
"demeaning",0.627625752985048,0,377,"Anger",0
"sheehy",0.627623021254721,0,242,"Anger",1
"debauchery",0.62746773871255,0,3,"Anger",0
"herbage",0.627192367614607,0,9,"Anger",0
"unfaithful",0.627179671011838,0,23,"Anger",0
"implicity",0.627175459340575,0,4,"Anger",0
"laxatives",0.627044522633586,0,6,"Anger",1
"duelled",0.626937269781394,0,1,"Anger",0
"doubtfire",0.626889702272222,0,1,"Anger",1
"lacerating",0.62673034789954,0,4,"Anger",0
"biro",0.626376960480269,0,20,"Anger",1
"partiality",0.626019847779778,0,97,"Anger",0
"condescending",0.625761097619589,0,96,"Anger",0
"molested",0.625731911277936,0,24,"Anger",0
"objecting",0.62563455351094,0,636,"Anger",0
"bmf",0.625530613002019,0,5,"Anger",1
"chindamo",0.625495305494073,0,11,"Anger",1
"equivocated",0.625365272481646,0,15,"Anger",0
"ferociously",0.625349256206125,0,88,"Anger",0
"whacking",0.625327712911818,0,51,"Anger",0
"supremacist",0.625281733704877,0,15,"Anger",0
"brandishing",0.625133981884869,0,49,"Anger",0
"bcl",0.625128115612562,0,1,"Anger",1
"snorting",0.625034409287675,0,14,"Anger",0
"schismatic",0.625025123180422,0,1,"Anger",0
"lambasting",0.625023585133551,0,28,"Anger",0
"goaded",0.625021077762611,0,70,"Anger",0
"coble",0.624941525590579,0,12,"Anger",1
"spanking",0.624488927059494,0,50,"Anger",0
"frankel",0.62444123568836,0,31,"Anger",1
"sanctimony",0.623876484388819,0,41,"Anger",0
"hilts",0.623819427870801,0,5,"Anger",0
"taseer",0.623797797533435,0,10,"Anger",1
"maliciously",0.623695510526505,0,120,"Anger",0
"libel",0.623535168845764,0,760,"Anger",0
"satanism",0.62353110049949,0,19,"Anger",0
"confession",0.623474199915711,0,575,"Anger",0
"excoriating",0.623323453078787,0,38,"Anger",0
"masochist",0.623322081320024,0,16,"Anger",0
"nabis",0.623284747598202,0,1,"Anger",1
"impugned",0.623097443978853,0,70,"Anger",0
"margarette",0.62293060939696,0,1,"Anger",1
"superglue",0.622763393713472,0,7,"Anger",1
"derisive",0.622757751921633,0,20,"Anger",0
"disrespectfully",0.622641553488279,0,21,"Anger",0
"impersonation",0.622629990335374,0,109,"Anger",0
"savagely",0.622579311893872,0,245,"Anger",0
"petticoat",0.622505039454114,0,15,"Anger",0
"bramber",0.622437520820564,0,4,"Anger",1
"methacrylate",0.62217150352469,0,5,"Anger",1
"caskey",0.622149823150031,0,5,"Anger",1
"strychnine",0.622071189603243,0,4,"Anger",0
"aur",0.622068913693509,0,5,"Anger",1
"madresfield",0.621989769210989,0,1,"Anger",1
"heresies",0.621827823021687,0,11,"Anger",0
"minns",0.621764388366421,0,10,"Anger",1
"obnoxious",0.621527941066379,0,321,"Anger",0
"bellowing",0.621288781644276,0,21,"Anger",0
"nocton",0.621199755325054,0,39,"Anger",1
"mephistopheles",0.621025863753627,0,7,"Anger",0
"bagshawe",0.620903388097215,0,1,"Anger",1
"mcgonagle",0.620806884017941,0,5,"Anger",1
"bynoe",0.620785330081893,0,2,"Anger",1
"menna",0.620717994288439,0,3,"Anger",1
"heybridge",0.620621742682304,0,4,"Anger",1
"tortious",0.620583917098406,0,57,"Anger",0
"reprimanded",0.620440646821173,0,125,"Anger",0
"brassington",0.620421547019131,0,8,"Anger",1
"chauvinist",0.620332580707748,0,20,"Anger",0
"tactless",0.620117555664717,0,19,"Anger",0
"bourton",0.62008610411266,0,16,"Anger",1
"belligerently",0.62007555203919,0,3,"Anger",0
"kkk",0.619968534981112,0,1,"Anger",0
"lawlor",0.619902571643732,0,22,"Anger",1
"deneen",0.619671477811165,0,6,"Anger",1
"cherub",0.619638570991511,0,3,"Anger",1
"sexism",0.619566554072462,0,158,"Anger",0
"absurdum",0.619466828552053,0,33,"Anger",0
"dosed",0.619405933064857,0,8,"Anger",0
"bonney",0.619244475775624,0,2,"Anger",1
"satanic",0.619141271012949,0,71,"Anger",0
"boorish",0.618845603490169,0,13,"Anger",0
"impetuously",0.618681064425151,0,3,"Anger",0
"cowardice",0.618640193966763,0,178,"Anger",0
"misappropriating",0.618626794466718,0,16,"Anger",0
"gema",0.618393258104588,0,8,"Anger",1
"condescendingly",0.618318196864094,0,12,"Anger",0
"egged",0.618239526988587,0,116,"Anger",0
"disingenuously",0.618126359677238,0,67,"Anger",0
"placating",0.618103004677151,0,27,"Anger",0
"jeffs",0.618067558761661,0,1,"Anger",1
"moseley",0.617867084587712,0,21,"Anger",1
"taverne",0.617836782665728,0,14,"Anger",1
"dissembled",0.617791650107121,0,6,"Anger",0
"deprecatingly",0.617636974159437,0,3,"Anger",0
"undisguised",0.617550781883656,0,22,"Anger",0
"toleration",0.617508277354631,0,110,"Anger",1
"refrains",0.617392599451317,0,16,"Anger",0
"emailing",0.617265761448235,0,13,"Anger",1
"pouches",0.617247288976296,0,18,"Anger",1
"rawnsley",0.617219843014212,0,17,"Anger",1
"upbraids",0.61710841733986,0,6,"Anger",0
"mixter",0.617096958119003,0,3,"Anger",1
"blasphemous",0.617043699074555,0,46,"Anger",1
"discerns",0.617002625178981,0,5,"Anger",0
"corda",0.616965158117878,0,1,"Anger",1
"whippy",0.616909953859977,0,3,"Anger",1
"heretics",0.616899203424622,0,13,"Anger",0
"madam",0.616881326484066,0,20891,"Anger",1
"buisson",0.616838114158465,0,64,"Anger",1
"deviants",0.616744295143436,0,8,"Anger",0
"hectoring",0.616569185940192,0,88,"Anger",0
"menden",0.616443783097329,0,2,"Anger",1
"scalped",0.616438704030913,0,4,"Anger",0
"dastardly",0.616418967458026,0,120,"Anger",0
"denunciation",0.616396779555309,0,148,"Anger",0
"wedgie",0.616117442281305,0,1,"Anger",0
"jabs",0.616025037266904,0,312,"Anger",0
"emoting",0.615913344153763,0,2,"Anger",0
"repudiated",0.615826001184181,0,155,"Anger",0
"jesson",0.615734462083076,0,9,"Anger",1
"hilariously",0.615647077183482,0,14,"Anger",0
"hustler",0.615616676254198,0,4,"Anger",0
"sadomasochism",0.615579369586392,0,1,"Anger",0
"clearing",-0.458225291593807,0,2176,"Fear",1
"verify",-0.45824870440858,0,641,"Fear",1
"narrowing",-0.458445539541343,0,623,"Fear",1
"outage",-0.458575449978742,0,16,"Fear",0
"alps",-0.458658124332921,0,38,"Fear",1
"radioactivity",-0.458674821845383,0,96,"Fear",0
"disturbance",-0.459116937331023,0,916,"Fear",0
"isolation",-0.459620372670003,0,3487,"Fear",0
"calamities",-0.460488461994891,0,35,"Fear",0
"recedes",-0.460528466419885,0,35,"Fear",0
"monday",-0.461216288579663,0,12322,"Fear",1
"noon",-0.461242479320095,0,218,"Fear",1
"fretted",-0.461682757232685,0,6,"Fear",0
"waves",-0.461735856879803,0,583,"Fear",1
"evacuations",-0.461777875596205,0,76,"Fear",0
"cracks",-0.46188832530585,0,435,"Fear",0
"revisions",-0.462061964239259,0,502,"Fear",1
"constraints",-0.462220982088585,0,4352,"Fear",0
"slowdowns",-0.462251878007079,0,8,"Fear",0
"replenished",-0.462908182490535,0,53,"Fear",0
"budgets",-0.463177722535786,0,14606,"Fear",1
"tokyo",-0.463454998178997,0,481,"Fear",1
"triggering",-0.463528144985213,0,397,"Fear",0
"meteorite",-0.463554143186151,0,5,"Fear",0
"typhoons",-0.463642683728365,0,121,"Fear",1
"winters",-0.463747788855145,0,329,"Fear",1
"devaluation",-0.463829297417796,0,1046,"Fear",0
"possibility",-0.464237587715786,0,19062,"Fear",1
"daylight",-0.464282976987363,0,937,"Fear",1
"condition",-0.464367606097491,0,11864,"Fear",1
"lowering",-0.464502660577069,0,1322,"Fear",0
"dateline",-0.464645571889764,0,6,"Fear",0
"languished",-0.464710154446556,0,80,"Fear",0
"decreases",-0.464821642450704,0,333,"Fear",0
"wobbly",-0.464860383540723,0,63,"Fear",0
"hea",-0.465004866005785,0,8,"Fear",1
"tidal",-0.465110130249773,0,1702,"Fear",1
"unrepaired",-0.465110757859274,0,23,"Fear",0
"doomed",-0.465161570455667,0,553,"Fear",0
"poverty",-0.465266385630825,0,40822,"Fear",1
"goldilocks",-0.465406431058202,0,16,"Fear",1
"concentrations",-0.46550555505044,0,472,"Fear",1
"flames",-0.465620779188058,0,217,"Fear",0
"fades",-0.465670804960064,0,42,"Fear",0
"bankruptcy",-0.465996846670367,0,1543,"Fear",0
"blowout",-0.466065904560895,0,2,"Fear",0
"measures",-0.466393166792495,0,88903,"Fear",1
"footprints",-0.466458090694371,0,121,"Fear",0
"cyclones",-0.466621336673365,0,45,"Fear",1
"unsure",-0.466810965456792,0,686,"Fear",0
"groundfish",-0.466881782491408,0,2,"Fear",1
"balkan",-0.466888449128603,0,263,"Fear",1
"unless",-0.467057511488629,0,26629,"Fear",1
"shake",-0.467297243677296,0,1088,"Fear",0
"incipient",-0.46739277327075,0,80,"Fear",0
"perinatal",-0.467545438313555,0,154,"Fear",1
"disrepair",-0.467696004663855,0,434,"Fear",0
"shockwaves",-0.468060910932118,0,40,"Fear",0
"last",-0.468113430593804,0,202119,"Fear",0
"cooled",-0.468204107558295,0,130,"Fear",0
"coupled",-0.468441053384737,0,1565,"Fear",0
"greenspan",-0.468606326580716,0,123,"Fear",1
"wreaked",-0.468751174761476,0,116,"Fear",0
"malfunction",-0.46879145810978,0,70,"Fear",0
"underscoring",-0.469259770878051,0,17,"Fear",0
"shattered",-0.469330089070033,0,528,"Fear",0
"reshuffle",-0.469365781366529,0,737,"Fear",0
"immediate",-0.469680500513885,0,14305,"Fear",1
"tinderbox",-0.469772673577429,0,29,"Fear",0
"languishing",-0.469798959428358,0,365,"Fear",0
"digested",-0.469870150030144,0,117,"Fear",1
"resulting",-0.470315799153907,0,5059,"Fear",1
"surprises",-0.470465539882261,0,487,"Fear",0
"limbo",-0.470514783228097,0,698,"Fear",0
"unnoticed",-0.470566400190908,0,350,"Fear",0
"accidents",-0.470567530922368,0,5257,"Fear",0
"erika",-0.470652050076441,0,8,"Fear",1
"descending",-0.470680644984804,0,195,"Fear",0
"tightened",-0.470724385585044,0,1041,"Fear",1
"spike",-0.470747223418771,0,443,"Fear",0
"plummets",-0.471017915892494,0,15,"Fear",0
"occurring",-0.471107960157851,0,2112,"Fear",1
"warnings",-0.471184348097395,0,2960,"Fear",0
"layoffs",-0.471231809979545,0,5,"Fear",0
"trigger",-0.471336797819308,0,2655,"Fear",0
"unemployed",-0.471823089649608,0,12192,"Fear",1
"spark",-0.471967271048735,0,309,"Fear",0
"eci",-0.472094200178907,0,2,"Fear",1
"locates",-0.47215995408859,0,28,"Fear",0
"understate",-0.472347660252406,0,204,"Fear",0
"spooked",-0.472358015849284,0,34,"Fear",0
"ppi",-0.472569785860764,0,157,"Fear",1
"underemployment",-0.472577533016639,0,32,"Fear",1
"stumble",-0.472737182725375,0,111,"Fear",0
"dormant",-0.47282573862725,0,664,"Fear",0
"coping",-0.472873073375434,0,934,"Fear",0
"cretaceous",-0.473220917498308,0,5,"Fear",1
"accumulation",-0.47333868993599,0,401,"Fear",0
"eclipses",-0.473776603474954,0,11,"Fear",0
"gases",-0.474509811902872,0,1092,"Fear",1
"estimating",-0.474711093074325,0,223,"Fear",0
"foreseen",-0.475201614131716,0,579,"Fear",0
"tightness",-0.475379125337965,0,76,"Fear",0
"bernanke",-0.475620793694717,0,18,"Fear",1
"scenarios",-0.476108039834706,0,1095,"Fear",0
"inevitably",-0.476111414136947,0,9547,"Fear",0
"harbinger",-0.476438738429343,0,55,"Fear",0
"undersea",-0.476695159171439,0,83,"Fear",1
"polls",-0.476716416007662,0,3290,"Fear",1
"reckoning",-0.477261978543221,0,385,"Fear",0
"centigrade",-0.477300503388326,0,18,"Fear",1
"bursting",-0.477316419937348,0,279,"Fear",0
"corrects",-0.477530973270022,0,231,"Fear",0
"vulnerable",-0.478017871570197,0,24717,"Fear",0
"sustained",-0.478254220924811,0,6273,"Fear",1
"vacancy",-0.478654142997863,0,1113,"Fear",0
"adverse",-0.47889182416736,0,3508,"Fear",0
"arag",-0.479049717948975,0,4,"Fear",1
"resuscitate",-0.479191927425518,0,61,"Fear",0
"departures",-0.47932041249548,0,204,"Fear",0
"tremor",-0.479740760822682,0,19,"Fear",0
"agency",-0.479795309028605,0,43305,"Fear",1
"cautioned",-0.479991377956653,0,327,"Fear",0
"wreak",-0.480044575459012,0,168,"Fear",0
"coincident",-0.480178955049214,0,18,"Fear",0
"thawing",-0.480364035373322,0,13,"Fear",0
"decelerating",-0.480442063845032,0,7,"Fear",0
"reporting",-0.480681421917484,0,8038,"Fear",0
"ashore",-0.480873145216766,0,180,"Fear",0
"upend",-0.481074436687624,0,1,"Fear",0
"sharply",-0.481090241880503,0,1470,"Fear",0
"sifting",-0.481143080737142,0,98,"Fear",0
"cutbacks",-0.481636951573308,0,235,"Fear",0
"eighties",-0.481935871987658,0,33,"Fear",1
"resurgence",-0.482258537303801,0,302,"Fear",0
"preparedness",-0.482443897656288,0,739,"Fear",0
"morale",-0.482571320304297,0,5008,"Fear",1
"ticked",-0.482835570131528,0,247,"Fear",0
"remnants",-0.483024308843034,0,236,"Fear",0
"icy",-0.483045217696297,0,90,"Fear",0
"crept",-0.483101068314233,0,336,"Fear",0
"unsustainable",-0.483383904299083,0,3090,"Fear",0
"wave",-0.483453092426473,0,3291,"Fear",0
"unfolding",-0.483572426374339,0,505,"Fear",0
"midterm",-0.483742125214359,0,1,"Fear",1
"devonian",-0.483843746136543,0,10,"Fear",1
"averting",-0.483872530823979,0,84,"Fear",0
"ncap",-0.483984777393782,0,2,"Fear",1
"slashed",-0.484112043156337,0,903,"Fear",0
"swept",-0.484133697179832,0,1175,"Fear",0
"deliveries",-0.484155410178063,0,811,"Fear",1
"darkness",-0.484178164649717,0,532,"Fear",0
"minimize",-0.48451112520914,0,5,"Fear",0
"deregulates",-0.484676348020776,0,14,"Fear",0
"peso",-0.484809120931828,0,18,"Fear",1
"despite",-0.485129428142742,0,35332,"Fear",1
"drying",-0.485255447919107,0,187,"Fear",1
"ertms",-0.485322923659415,0,5,"Fear",1
"sustaining",-0.485465771455279,0,1265,"Fear",1
"tectonic",-0.485823073848245,0,46,"Fear",1
"occurred",-0.485972297448938,0,10167,"Fear",1
"unaffected",-0.485986549235689,0,654,"Fear",0
"prompted",-0.486387839931194,0,1696,"Fear",1
"pullback",-0.486607334349051,0,3,"Fear",0
"deregulation",-0.486641038285642,0,4861,"Fear",0
"march",-0.486743016813219,0,19844,"Fear",1
"gas",-0.487116453178905,0,22874,"Fear",1
"diminished",-0.487283685621269,0,2000,"Fear",0
"deepest",-0.487535068209076,0,1580,"Fear",0
"driven",-0.487585778605124,0,9686,"Fear",0
"progressively",-0.487722737584204,0,1150,"Fear",0
"yangtze",-0.487800802155214,0,5,"Fear",1
"deflation",-0.488039619924677,0,484,"Fear",0
"epidemic",-0.488090268251301,0,1340,"Fear",0
"durables",-0.488544579414632,0,25,"Fear",0
"damper",-0.488548887322722,0,14,"Fear",0
"squeeze",-0.488615244496317,0,1887,"Fear",0
"feared",-0.488999901594679,0,1487,"Fear",0
"recaps",-0.489132566830053,0,1,"Fear",0
"damaged",-0.489311195860815,0,4583,"Fear",0
"elq",-0.489337279292055,0,71,"Fear",1
"meterological",-0.489454931319732,0,8,"Fear",1
"nationwide",-0.489466820778686,0,1967,"Fear",0
"foreclosure",-0.489576871247242,0,15,"Fear",0
"lehman",-0.48993812569437,0,350,"Fear",1
"hit",-0.490098436031975,0,14292,"Fear",0
"default",-0.490260952585126,0,2278,"Fear",0
"contagion",-0.49097182425788,0,214,"Fear",0
"intraday",-0.49161232559578,0,1,"Fear",1
"unfreeze",-0.491621606547227,0,41,"Fear",0
"hinder",-0.491902730201061,0,724,"Fear",0
"blizzards",-0.492117942357729,0,17,"Fear",0
"flash",-0.492266766019638,0,432,"Fear",0
"coasts",-0.492553380611654,0,278,"Fear",1
"plagued",-0.492666678394948,0,354,"Fear",0
"outbreak",-0.493478834001683,0,4484,"Fear",0
"abbotsford",-0.493811960095528,0,5,"Fear",1
"balkans",-0.493842658149562,0,1911,"Fear",1
"intensified",-0.49395630542744,0,338,"Fear",0
"evacuated",-0.494520974633233,0,389,"Fear",0
"bmrb",-0.494684990378267,0,2,"Fear",1
"extent",-0.49474006939309,0,25889,"Fear",1
"retard",-0.494745671301455,0,33,"Fear",1
"quantify",-0.495218891585299,0,698,"Fear",1
"rainiest",-0.49545660682255,0,2,"Fear",0
"cpi",-0.495586666977226,0,1309,"Fear",1
"superbikes",-0.495768443824379,0,3,"Fear",1
"hovers",-0.495769944067137,0,32,"Fear",0
"outages",-0.49597466470685,0,23,"Fear",0
"fixes",-0.49605549082879,0,357,"Fear",1
"collision",-0.496099524189086,0,455,"Fear",0
"resurface",-0.496314747646125,0,78,"Fear",0
"periodic",-0.496501118509949,0,525,"Fear",1
"calamity",-0.496659241603102,0,219,"Fear",0
"depressions",-0.496708817901472,0,20,"Fear",1
"flu",-0.496733560641756,0,2426,"Fear",1
"airports",-0.496907760481649,0,6172,"Fear",1
"implications",-0.497024135529208,0,18535,"Fear",1
"smog",-0.497480904407302,0,90,"Fear",1
"exposure",-0.497651448310149,0,2513,"Fear",0
"precipitous",-0.497850312510591,0,47,"Fear",0
"coma",-0.498008463605864,0,117,"Fear",1
"fluctuating",-0.498170090990307,0,400,"Fear",1
"oct",-0.498478124700661,0,4,"Fear",1
"disappeared",-0.498550437356542,0,2775,"Fear",0
"utc",-0.498559379823692,0,132,"Fear",1
"cataclysmic",-0.499187674097851,0,115,"Fear",0
"massive",-0.499432256396524,0,19567,"Fear",1
"scorching",-0.499480598816941,0,6,"Fear",0
"shambles",-0.499545147094582,0,2352,"Fear",0
"crawl",-0.499699946731262,0,145,"Fear",0
"shatter",-0.499808317631711,0,66,"Fear",0
"falters",-0.499863141796593,0,21,"Fear",0
"cuts",-0.499909486166491,0,43698,"Fear",1
"pare",-0.499948750951518,0,41,"Fear",0
"breadbasket",-0.499971457283503,0,11,"Fear",1
"shocks",-0.500229906398564,0,525,"Fear",0
"rainfalls",-0.500783207210737,0,3,"Fear",0
"revise",-0.500811797348801,0,1193,"Fear",0
"expire",-0.500860052875469,0,534,"Fear",0
"temporarily",-0.500976656974575,0,1676,"Fear",1
"deepened",-0.501304582874418,0,172,"Fear",0
"judice",-0.501498449880751,0,730,"Fear",1
"sinking",-0.501825198194155,0,553,"Fear",0
"greece",-0.501828405117275,0,3764,"Fear",1
"shrinkage",-0.502034472962027,0,176,"Fear",0
"mudslides",-0.502139912249255,0,5,"Fear",0
"slackening",-0.502276347905132,0,31,"Fear",0
"trapped",-0.502276795049295,0,1860,"Fear",0
"deforestation",-0.502481384544873,0,489,"Fear",0
"bourses",-0.502526929759551,0,1,"Fear",0
"hiked",-0.503112950223752,0,100,"Fear",0
"accident",-0.503119290373168,0,10731,"Fear",0
"detected",-0.503208994834488,0,1326,"Fear",0
"bottlenecks",-0.503478958522454,0,284,"Fear",0
"wholesale",-0.503770975653934,0,2836,"Fear",0
"torrential",-0.503774233484049,0,33,"Fear",0
"mortgages",-0.503892351176698,0,3092,"Fear",1
"survivors",-0.503967950565737,0,1339,"Fear",0
"bottleneck",-0.504219272598913,0,269,"Fear",0
"feb",-0.504220361738261,0,6,"Fear",1
"reduced",-0.504308227897053,0,23055,"Fear",1
"struggles",-0.504454777275097,0,479,"Fear",0
"deepens",-0.504508329070292,0,70,"Fear",0
"reopened",-0.50504088742493,0,1033,"Fear",0
"crashed",-0.505229517586336,0,387,"Fear",0
"reductions",-0.505309978061153,0,8968,"Fear",1
"bank",-0.505461446931537,0,44770,"Fear",1
"wages",-0.505575910205791,0,8640,"Fear",1
"blackout",-0.505714598210498,0,43,"Fear",0
"rattled",-0.505805658435289,0,173,"Fear",0
"hyperinflation",-0.506250724410105,0,23,"Fear",0
"haunt",-0.506328842032803,0,513,"Fear",0
"mired",-0.506333884094023,0,242,"Fear",0
"labor",-0.506606476803531,0,17,"Fear",1
"miners",-0.507101182508433,0,3943,"Fear",1
"eases",-0.50715381198772,0,63,"Fear",1
"disrupted",-0.507354896189996,0,985,"Fear",0
"prolonged",-0.507429528261437,0,1296,"Fear",0
"crashing",-0.507574148455962,0,203,"Fear",0
"lingering",-0.507574638511659,0,252,"Fear",0
"unravel",-0.507631090998872,0,448,"Fear",0
"failed",-0.50775339377124,0,32428,"Fear",0
"decades",-0.507899163748528,0,9195,"Fear",1
"following",-0.508213084712622,0,46583,"Fear",1
"eurostat",-0.508307576630578,0,141,"Fear",1
"seafloor",-0.508338698329824,0,2,"Fear",1
"imports",-0.508665010182038,0,3885,"Fear",1
"sept",-0.508775413741527,0,16,"Fear",1
"hindered",-0.509239765959779,0,402,"Fear",0
"reset",-0.509335887097665,0,346,"Fear",1
"steeper",-0.509532411529454,0,63,"Fear",0
"geopolitics",-0.510034380781491,0,44,"Fear",1
"indonesia",-0.510349473434399,0,1416,"Fear",1
"dashed",-0.510365805433494,0,362,"Fear",0
"slid",-0.510588430625997,0,81,"Fear",0
"typhoon",-0.510629247784727,0,950,"Fear",0
"gmt",-0.511303446088103,0,80,"Fear",1
"jolt",-0.511379631004053,0,35,"Fear",0
"recuperate",-0.5113885028561,0,56,"Fear",0
"borrowers",-0.511426509195312,0,903,"Fear",0
"drops",-0.511548443412752,0,533,"Fear",0
"disrupt",-0.511791428540632,0,1308,"Fear",1
"drifting",-0.512001563264409,0,346,"Fear",0
"demography",-0.512385960611158,0,303,"Fear",1
"depressing",-0.512420443316375,0,1942,"Fear",0
"unfilled",-0.513052031381907,0,211,"Fear",0
"baltic",-0.513502386905679,0,816,"Fear",1
"coincided",-0.513658855853683,0,360,"Fear",0
"thunderstorms",-0.514043157394723,0,8,"Fear",0
"february",-0.51410561867093,0,11187,"Fear",1
"jeopardise",-0.514121416566919,0,1008,"Fear",0
"foundering",-0.514143693830151,0,26,"Fear",0
"happening",-0.514683136501346,0,27643,"Fear",1
"confounding",-0.514832271845457,0,37,"Fear",0
"cold",-0.514914299898569,0,7650,"Fear",1
"cleanup",-0.514944582612832,0,3,"Fear",1
"travellers",-0.515073540376765,0,3020,"Fear",1
"roundup",-0.515267454220421,0,6,"Fear",0
"traffic",-0.51536270902744,0,16569,"Fear",1
"disintegrate",-0.515860302835568,0,84,"Fear",0
"portend",-0.516396871773824,0,6,"Fear",0
"winds",-0.517806049234353,0,2117,"Fear",1
"widen",-0.517926518327085,0,2241,"Fear",1
"blip",-0.517956754342145,0,193,"Fear",0
"thaw",-0.518033533326084,0,39,"Fear",0
"vanishing",-0.518141806753298,0,49,"Fear",0
"decimated",-0.51834593513897,0,553,"Fear",0
"heatwave",-0.51840069004895,0,39,"Fear",1
"lessen",-0.519104617160404,0,459,"Fear",0
"subside",-0.519389941612856,0,40,"Fear",0
"suddenly",-0.519653209226686,0,6915,"Fear",0
"factored",-0.519688616452414,0,455,"Fear",0
"december",-0.519845723948026,0,15278,"Fear",1
"turnout",-0.519920009280217,0,3495,"Fear",1
"threatens",-0.519974735213838,0,1548,"Fear",0
"decreasing",-0.520187796299913,0,931,"Fear",1
"deadliest",-0.520903380414087,0,20,"Fear",0
"bodes",-0.520908157166741,0,217,"Fear",0
"dipped",-0.521263370587439,0,126,"Fear",0
"derail",-0.521606608343925,0,179,"Fear",0
"swings",-0.522032059592011,0,250,"Fear",1
"undergoing",-0.522230667126955,0,937,"Fear",0
"torrid",-0.522363867658042,0,54,"Fear",1
"underlying",-0.522522629768556,0,6012,"Fear",1
"creep",-0.522896988865263,0,947,"Fear",0
"august",-0.523113837546519,0,6381,"Fear",1
"lending",-0.52372437332385,0,7321,"Fear",1
"newswires",-0.523921991512767,0,4,"Fear",1
"eruption",-0.523985263238665,0,73,"Fear",0
"remoter",-0.524026461778621,0,94,"Fear",0
"april",-0.524029720409334,0,20614,"Fear",1
"diminish",-0.524137883859799,0,1812,"Fear",0
"bureau",-0.525059299256082,0,2231,"Fear",1
"result",-0.525277770059848,0,87668,"Fear",1
"shipments",-0.525611484838651,0,144,"Fear",1
"phenomenon",-0.525748446339688,0,1704,"Fear",1
"wrecked",-0.525816361862196,0,529,"Fear",0
"descend",-0.525988383697829,0,346,"Fear",0
"bnk",-0.526172957531019,0,1,"Fear",1
"decreased",-0.526673347408128,0,1659,"Fear",1
"dampens",-0.526949187952129,0,13,"Fear",0
"indicating",-0.527193780198337,0,1319,"Fear",1
"dissipating",-0.52719688535702,0,15,"Fear",0
"ruin",-0.527264164414151,0,840,"Fear",0
"sank",-0.527281233550061,0,225,"Fear",0
"deflationary",-0.527331183016579,0,421,"Fear",1
"rush",-0.527456334719328,0,3834,"Fear",0
"fragility",-0.527496290980333,0,293,"Fear",0
"effect",-0.527861240078309,0,65262,"Fear",1
"deadline",-0.527948417038967,0,3665,"Fear",0
"downpours",-0.528063043082196,0,19,"Fear",0
"wall",-0.528100776262946,0,4264,"Fear",1
"reshaping",-0.528214409390715,0,143,"Fear",1
"wtc",-0.528952397186747,0,2,"Fear",1
"glitch",-0.52901757942664,0,68,"Fear",0
"till",-0.529032398480333,0,739,"Fear",0
"eroding",-0.529133959698173,0,274,"Fear",0
"unseasonably",-0.529260013082624,0,7,"Fear",0
"cumulative",-0.529862868954488,0,1774,"Fear",0
"flooded",-0.529900515882552,0,1426,"Fear",0
"exacerbate",-0.530722199781242,0,706,"Fear",0
"seaports",-0.530922172895896,0,96,"Fear",1
"homeowners",-0.531170569659894,0,349,"Fear",1
"september",-0.531200801433898,0,14585,"Fear",1
"missing",-0.531786196714272,0,7403,"Fear",0
"crumbling",-0.532024860684455,0,483,"Fear",0
"vagaries",-0.532025966367798,0,376,"Fear",0
"vanished",-0.532316239728943,0,207,"Fear",0
"crashes",-0.532477666965721,0,465,"Fear",0
"devastating",-0.532848527504756,0,4898,"Fear",0
"autos",-0.532849011461824,0,5,"Fear",1
"reservoirs",-0.533152423462652,0,486,"Fear",1
"stabilised",-0.533292091316409,0,428,"Fear",1
"intensification",-0.533494834747643,0,241,"Fear",1
"erode",-0.533787458685021,0,548,"Fear",0
"synoptic",-0.533795678491043,0,6,"Fear",1
"forex",-0.534022498382652,0,6,"Fear",1
"delays",-0.534177921341847,0,7000,"Fear",1
"defaults",-0.535241911590041,0,139,"Fear",0
"icelandic",-0.535418173764209,0,592,"Fear",1
"partly",-0.535575503132591,0,10171,"Fear",1
"statscan",-0.535644308138565,0,2,"Fear",1
"crippled",-0.535660685264769,0,284,"Fear",0
"fatality",-0.535752808342733,0,296,"Fear",0
"evacuate",-0.535845019351436,0,204,"Fear",0
"carolinas",-0.535866601843892,0,2,"Fear",1
"stave",-0.536318514208914,0,98,"Fear",0
"tides",-0.536412143400098,0,193,"Fear",0
"recovered",-0.536693888457678,0,2001,"Fear",0
"complicate",-0.53684770691639,0,323,"Fear",0
"dwindled",-0.537110061151781,0,55,"Fear",0
"losses",-0.537666577507356,0,8464,"Fear",0
"possibly",-0.537775747890048,0,16284,"Fear",1
"hampers",-0.538009401166598,0,135,"Fear",0
"inclement",-0.538018092893631,0,86,"Fear",0
"prompt",-0.538068727867183,0,1642,"Fear",1
"subprime",-0.538208798293032,0,1,"Fear",0
"explosion",-0.53841039521282,0,1380,"Fear",0
"vanish",-0.538484335688961,0,107,"Fear",0
"pollution",-0.538534326375356,0,6679,"Fear",1
"glitches",-0.538583039054155,0,72,"Fear",0
"catastrophes",-0.538899476644644,0,129,"Fear",0
"depths",-0.538941317307441,0,481,"Fear",0
"hazards",-0.53901011848711,0,717,"Fear",0
"downside",-0.53961517527788,0,569,"Fear",0
"dissipated",-0.539618186045167,0,217,"Fear",0
"risks",-0.54016437433703,0,13204,"Fear",0
"shakeout",-0.54078543831629,0,4,"Fear",0
"pandemic",-0.540798896380407,0,7881,"Fear",1
"meltdowns",-0.540974018567133,0,5,"Fear",0
"happen",-0.541221754391199,0,51835,"Fear",1
"inexorable",-0.541236504326737,0,294,"Fear",0
"homes",-0.541382133986655,0,46417,"Fear",1
"erosion",-0.54153564600051,0,1651,"Fear",0
"inevitable",-0.541891249004313,0,5997,"Fear",0
"dips",-0.542233132334651,0,114,"Fear",0
"imperil",-0.542341529534342,0,115,"Fear",0
"fate",-0.542393008919783,0,1782,"Fear",0
"neusiedler",-0.542916378417835,0,2,"Fear",1
"peacetime",-0.543175821600641,0,1001,"Fear",1
"miti",-0.543397382290603,0,8,"Fear",1
"surpluses",-0.543562429955202,0,1052,"Fear",1
"rpi",-0.543771180748918,0,1857,"Fear",1
"jolted",-0.544157541812327,0,10,"Fear",0
"likelihood",-0.544732046980191,0,2994,"Fear",0
"hovering",-0.544749087634098,0,117,"Fear",0
"deceleration",-0.54495331350498,0,26,"Fear",0
"fog",-0.544980762131237,0,313,"Fear",1
"revises",-0.545028963762687,0,49,"Fear",0
"solvency",-0.545345235671382,0,327,"Fear",0
"volcanic",-0.545419542822321,0,75,"Fear",1
"nino",-0.545474067136496,0,18,"Fear",1
"nikkei",-0.54555319003786,0,5,"Fear",1
"blackouts",-0.54558776363569,0,49,"Fear",0
"spill",-0.545813845941537,0,410,"Fear",0
"indications",-0.546072700840029,0,1414,"Fear",1
"cools",-0.546100173667805,0,6,"Fear",1
"loomed",-0.546355768633274,0,42,"Fear",0
"failures",-0.546516375775189,0,5271,"Fear",0
"possible",-0.54659838528614,0,113091,"Fear",1
"snap",-0.547483793335298,0,296,"Fear",1
"deficits",-0.547891966096966,0,3117,"Fear",1
"exodus",-0.548080118580942,0,268,"Fear",0
"heightened",-0.549048050950188,0,574,"Fear",0
"unclog",-0.54929231277332,0,10,"Fear",1
"hibernation",-0.549577943683727,0,32,"Fear",0
"sapped",-0.549762980552077,0,60,"Fear",0
"refinery",-0.549822506680515,0,335,"Fear",1
"reducing",-0.549862538109281,0,21159,"Fear",1
"landslides",-0.550325694912949,0,26,"Fear",1
"currencies",-0.550539606088549,0,958,"Fear",1
"unfold",-0.550546587384569,0,353,"Fear",0
"caused",-0.550987465613412,0,23879,"Fear",1
"triggered",-0.551080832158585,0,1331,"Fear",0
"undated",-0.551543060044543,0,11,"Fear",1
"since",-0.552083528656668,0,99460,"Fear",1
"demographers",-0.552343018494246,0,6,"Fear",1
"deepening",-0.552493184917771,0,555,"Fear",0
"effects",-0.552684932956262,0,17716,"Fear",1
"reopen",-0.553298323163407,0,1914,"Fear",1
"lowers",-0.553407320599484,0,121,"Fear",0
"difficulties",-0.553677902638311,0,32962,"Fear",0
"crites",-0.553682677874884,0,2,"Fear",1
"sentiment",-0.554529553113866,0,1822,"Fear",1
"seas",-0.554548102872355,0,1249,"Fear",1
"surged",-0.554685104339469,0,72,"Fear",0
"compounded",-0.554791848232911,0,1347,"Fear",0
"chaotic",-0.554877663635167,0,1128,"Fear",0
"bankruptcies",-0.555016283745041,0,404,"Fear",0
"alleviate",-0.555262228619073,0,2044,"Fear",1
"blizzard",-0.555342977731725,0,227,"Fear",1
"evaporate",-0.555688038172376,0,92,"Fear",0
"skyrocketed",-0.556232981107824,0,21,"Fear",0
"dreary",-0.556543590211026,0,85,"Fear",0
"activity",-0.556567363591963,0,23042,"Fear",1
"cratering",-0.556792591483203,0,2,"Fear",0
"lull",-0.55680559958392,0,95,"Fear",0
"tighten",-0.5569029186012,0,1633,"Fear",1
"drag",-0.556903620149006,0,1759,"Fear",1
"aftershocks",-0.55705461106105,0,38,"Fear",0
"prevailing",-0.5578353339826,0,829,"Fear",1
"overheat",-0.558632179189209,0,26,"Fear",0
"midst",-0.558953322818755,0,898,"Fear",0
"methane",-0.559834470763561,0,369,"Fear",1
"droughts",-0.560304201891339,0,138,"Fear",1
"scouring",-0.560588295458191,0,66,"Fear",0
"deregulate",-0.560595107783185,0,464,"Fear",1
"seaboard",-0.561506805760111,0,42,"Fear",1
"pushed",-0.561649576097184,0,4616,"Fear",0
"stabilising",-0.561650516617355,0,416,"Fear",0
"drastic",-0.562082242436425,0,969,"Fear",0
"signs",-0.562162507998877,0,5759,"Fear",1
"bottomed",-0.562195131082643,0,164,"Fear",0
"subs",-0.562505609543275,0,61,"Fear",1
"sweltering",-0.563268258637315,0,27,"Fear",0
"gustav",-0.563379781668002,0,13,"Fear",1
"runaway",-0.564165501594573,0,247,"Fear",0
"occur",-0.564272204198444,0,7904,"Fear",1
"avalanches",-0.564341784615441,0,4,"Fear",0
"ongoing",-0.564837775823376,0,8357,"Fear",0
"untouched",-0.565842096450582,0,350,"Fear",0
"hampering",-0.56605725354682,0,158,"Fear",0
"spotty",-0.566324461038774,0,14,"Fear",0
"repayments",-0.566667148618033,0,1171,"Fear",0
"cloud",-0.566762625589573,0,1039,"Fear",1
"volcano",-0.567023032232363,0,102,"Fear",1
"contraction",-0.567295656554387,0,717,"Fear",0
"snowfalls",-0.568519960880142,0,13,"Fear",1
"glance",-0.568787024628333,0,621,"Fear",1
"stagnated",-0.568927054547463,0,60,"Fear",0
"gasoline",-0.568939633366723,0,14,"Fear",1
"slumped",-0.569053835556652,0,146,"Fear",0
"updates",-0.569076605014365,0,685,"Fear",1
"scour",-0.56949137967864,0,44,"Fear",0
"floodwaters",-0.570104061391521,0,10,"Fear",0
"collapsed",-0.570143581169511,0,2022,"Fear",0
"dust",-0.570184934967435,0,1311,"Fear",0
"lifted",-0.570340859872177,0,3101,"Fear",0
"collapses",-0.570394606290561,0,342,"Fear",0
"hikes",-0.570480954513582,0,352,"Fear",0
"earthquakes",-0.570497538604494,0,112,"Fear",1
"depression",-0.570995051265196,0,1801,"Fear",1
"accelerates",-0.57102298022838,0,55,"Fear",0
"ruble",-0.571483497077766,0,2,"Fear",1
"cancun",-0.571924505945675,0,365,"Fear",1
"rungs",-0.572000469714082,0,33,"Fear",0
"concern",-0.572212578751932,0,78643,"Fear",0
"stagnates",-0.572365020317882,0,18,"Fear",0
"ld",-0.57242804499194,0,3,"Fear",1
"novembers",-0.572725840226533,0,4,"Fear",1
"sars",-0.572764530584163,0,115,"Fear",0
"alarming",-0.572982944941012,0,1956,"Fear",0
"withstand",-0.573201225357961,0,545,"Fear",0
"malaise",-0.573226697637581,0,224,"Fear",0
"teetering",-0.573287279108663,0,93,"Fear",0
"upheavals",-0.573437552323973,0,96,"Fear",0
"eroded",-0.574619277411295,0,1173,"Fear",0
"tide",-0.574715385273129,0,1681,"Fear",0
"disintegration",-0.575745763078994,0,210,"Fear",0
"weaken",-0.576068330187606,0,1670,"Fear",0
"ozone",-0.576501531239664,0,372,"Fear",1
"evacuation",-0.576895619921129,0,654,"Fear",0
"fiscal",-0.577146321101999,0,18135,"Fear",1
"ravage",-0.577524291981769,0,5,"Fear",0
"tracked",-0.577992576416934,0,571,"Fear",0
"imbalances",-0.577995125077058,0,660,"Fear",0
"chernobyl",-0.578225354991309,0,268,"Fear",0
"worrisome",-0.578644955258707,0,18,"Fear",0
"snowstorm",-0.578909846626057,0,20,"Fear",1
"influx",-0.579030720035899,0,636,"Fear",0
"debt",-0.579417861048034,0,33352,"Fear",1
"reassess",-0.579782118189424,0,418,"Fear",0
"ni",-0.58069379130475,0,267,"Fear",1
"hovered",-0.580771518523009,0,30,"Fear",0
"melt",-0.580835334289284,0,124,"Fear",0
"darken",-0.580937231368781,0,27,"Fear",0
"deficit",-0.581095684044792,0,25878,"Fear",1
"banks",-0.581549326004428,0,28096,"Fear",1
"ebb",-0.582512266978141,0,202,"Fear",0
"clouding",-0.582588176495902,0,17,"Fear",0
"cambrian",-0.584489229810941,0,77,"Fear",1
"reduce",-0.58455159273777,0,43558,"Fear",0
"backlog",-0.584595460635289,0,3513,"Fear",0
"drift",-0.584742651974382,0,1546,"Fear",0
"magnitude",-0.585144611585779,0,1069,"Fear",0
"worried",-0.585216742078782,0,16350,"Fear",0
"troubled",-0.585226175840595,0,1690,"Fear",0
"safety",-0.5853734455155,0,43238,"Fear",0
"months",-0.585377307591914,0,77624,"Fear",1
"climatologists",-0.585420168138435,0,8,"Fear",1
"problems",-0.585700131529512,0,111673,"Fear",0
"forecasted",-0.586003762811102,0,36,"Fear",0
"foretell",-0.586032736709483,0,34,"Fear",0
"fahrenheit",-0.586274325950774,0,8,"Fear",1
"bubble",-0.586327623790213,0,849,"Fear",0
"borrowing",-0.58740986708263,0,12980,"Fear",0
"foreclosures",-0.587617245568553,0,8,"Fear",0
"clouds",-0.587843782613626,0,284,"Fear",1
"slipping",-0.587846023762363,0,624,"Fear",0
"looms",-0.588534467103442,0,146,"Fear",0
"homebuyers",-0.589192263254129,0,31,"Fear",0
"onset",-0.590065238609612,0,542,"Fear",0
"spurring",-0.590339733383586,0,25,"Fear",0
"expiration",-0.590806666565985,0,29,"Fear",0
"agr",-0.590960252628955,0,16,"Fear",1
"concerns",-0.591260352271953,0,71954,"Fear",0
"rubble",-0.591881144766682,0,167,"Fear",0
"migration",-0.592035631019301,0,4989,"Fear",1
"eia",-0.592096122614391,0,46,"Fear",1
"adversely",-0.592154430214184,0,1882,"Fear",0
"fuel",-0.592293326127865,0,33222,"Fear",1
"latest",-0.592566170111985,0,13284,"Fear",1
"increased",-0.593289738375464,0,46357,"Fear",1
"impacting",-0.593549930400673,0,386,"Fear",1
"realities",-0.594457135734258,0,1696,"Fear",0
"weakened",-0.594828401485594,0,1210,"Fear",0
"grapple",-0.594937203006467,0,681,"Fear",0
"iceland",-0.595167258815743,0,1043,"Fear",1
"troubles",-0.595333068274305,0,1645,"Fear",0
"creditworthiness",-0.595562984763271,0,82,"Fear",1
"stalled",-0.595657978416947,0,738,"Fear",0
"elc",-0.595740632828574,0,4,"Fear",1
"obscurity",-0.596023041443282,0,117,"Fear",0
"stagnating",-0.596548376641683,0,109,"Fear",0
"steep",-0.596573573854766,0,560,"Fear",0
"meteorology",-0.596802460318072,0,9,"Fear",1
"wintry",-0.59687732396139,0,13,"Fear",0
"wane",-0.597005433040655,0,57,"Fear",0
"upward",-0.597135603527194,0,659,"Fear",0
"joblessness",-0.597261585008259,0,154,"Fear",0
"wilma",-0.597522552097105,0,7,"Fear",1
"deteriorated",-0.598112653341702,0,759,"Fear",0
"jittery",-0.598255972241603,0,11,"Fear",0
"darkening",-0.598756398534991,0,19,"Fear",0
"skyrocketing",-0.598909079867688,0,27,"Fear",0
"oversupply",-0.599101056617463,0,41,"Fear",0
"hastened",-0.59912837150895,0,76,"Fear",0
"weeks",-0.599402887393021,0,46353,"Fear",1
"dealers",-0.599462920552876,0,1977,"Fear",1
"emissions",-0.600069863097984,0,15618,"Fear",0
"costs",-0.60053966166559,0,68085,"Fear",1
"avalanche",-0.601445835235896,0,162,"Fear",0
"mitigate",-0.601672263912016,0,1857,"Fear",0
"birthrate",-0.602035262685962,0,3,"Fear",1
"indicate",-0.60212957400234,0,4151,"Fear",1
"gauging",-0.602658970793055,0,44,"Fear",0
"rigs",-0.602670582932807,0,201,"Fear",1
"depressed",-0.603466216186146,0,1060,"Fear",1
"ripple",-0.603560919172667,0,182,"Fear",0
"nosedive",-0.604010221155748,0,16,"Fear",0
"complicating",-0.604111669005198,0,159,"Fear",0
"rocketing",-0.604372041781969,0,274,"Fear",0
"permafrost",-0.604745940336073,0,22,"Fear",1
"stricken",-0.605175838774052,0,270,"Fear",0
"eased",-0.605966043765501,0,443,"Fear",0
"recent",-0.606004943809234,0,73271,"Fear",1
"monsoons",-0.606375225297436,0,6,"Fear",1
"increases",-0.606474247565655,0,22642,"Fear",1
"hotter",-0.606775029196852,0,58,"Fear",1
"spurred",-0.606924024651614,0,136,"Fear",0
"rain",-0.607128370854602,0,1601,"Fear",1
"dampening",-0.607256034102958,0,84,"Fear",0
"payrolls",-0.607327410173126,0,74,"Fear",1
"mortgage",-0.607656123211805,0,8397,"Fear",1
"downward",-0.607701752044895,0,1227,"Fear",0
"standstill",-0.607798531016878,0,569,"Fear",0
"gaps",-0.608172034488898,0,3092,"Fear",0
"cycles",-0.608213832902488,0,914,"Fear",1
"moderating",-0.608457348678279,0,112,"Fear",0
"affecting",-0.608467491854435,0,6605,"Fear",1
"oceanic",-0.608732007686513,0,15,"Fear",1
"foggy",-0.609335275877761,0,31,"Fear",1
"eds",-0.610196583241405,0,208,"Fear",1
"extinction",-0.610204268283194,0,410,"Fear",0
"report",-0.610663603492849,0,172976,"Fear",1
"tightening",-0.610724585184693,0,1684,"Fear",1
"shortfalls",-0.611255968005865,0,574,"Fear",0
"slides",-0.612009993850691,0,100,"Fear",1
"credit",-0.612329762803621,0,51575,"Fear",1
"exacerbated",-0.612736568447168,0,1415,"Fear",0
"minus",-0.612841561542067,0,1107,"Fear",0
"recoveries",-0.612856015643475,0,128,"Fear",1
"currency",-0.613164093505284,0,9932,"Fear",1
"swell",-0.613728671614253,0,82,"Fear",0
"devastate",-0.613881560568035,0,230,"Fear",0
"sooner",-0.613915284828801,0,5410,"Fear",1
"decelerate",-0.614162930072059,0,15,"Fear",0
"wreckage",-0.61422740099448,0,176,"Fear",0
"demise",-0.614655822764165,0,1042,"Fear",0
"sluggishness",-0.615133769569777,0,22,"Fear",0
"finances",-0.615447708585104,0,9886,"Fear",1
"hampered",-0.615518446644515,0,617,"Fear",0
"mortality",-0.615539840371886,0,2276,"Fear",0
"casualty",-0.615810390495606,0,1209,"Fear",0
"liquidity",-0.616018386491264,0,1148,"Fear",1
"cyclical",-0.616054153441555,0,663,"Fear",0
"reeling",-0.616148234965658,0,190,"Fear",0
"coastlines",-0.616169590826409,0,116,"Fear",1
"tame",-0.616363410361037,0,137,"Fear",1
"farebox",-0.618273307583229,0,2,"Fear",0
"correction",-0.618990253206529,0,1159,"Fear",1
"unexpectedly",-0.619320870345464,0,382,"Fear",0
"snow",-0.620276762165277,0,1096,"Fear",1
"freezing",-0.620583555983139,0,2305,"Fear",1
"tsunamis",-0.6208255112359,0,52,"Fear",1
"refineries",-0.620836645543397,0,222,"Fear",1
"elsewhere",-0.622514347335609,0,24919,"Fear",1
"climbs",-0.624629348476524,0,38,"Fear",1
"downgrade",-0.625431904246531,0,739,"Fear",0
"ravages",-0.626090986801177,0,153,"Fear",0
"evacuees",-0.627076437364723,0,49,"Fear",1
"peaked",-0.627549943604639,0,328,"Fear",0
"delayed",-0.62760009575216,0,5891,"Fear",0
"hike",-0.627609787076832,0,958,"Fear",0
"sudden",-0.627934295141199,0,2191,"Fear",0
"fears",-0.628366772613402,0,6267,"Fear",0
"stranded",-0.628419767980718,0,602,"Fear",0
"gauges",-0.6300960963376,0,11,"Fear",0
"further",-0.630112045897379,0,150374,"Fear",0
"inflationary",-0.630442641503587,0,1472,"Fear",0
"weathering",-0.630467129459028,0,29,"Fear",0
"chill",-0.631525805123512,0,268,"Fear",1
"shrank",-0.63189918075826,0,154,"Fear",0
"snowstorms",-0.632703833185369,0,11,"Fear",1
"sliding",-0.633132734054606,0,380,"Fear",0
"fluctuations",-0.633582681251008,0,604,"Fear",0
"weaker",-0.633641653809793,0,1426,"Fear",0
"dissipate",-0.633852623517438,0,77,"Fear",0
"ease",-0.634035375184822,0,2977,"Fear",1
"depleted",-0.63419619305751,0,593,"Fear",0
"snows",-0.634992875784859,0,53,"Fear",1
"continuing",-0.635721163788879,0,21217,"Fear",1
"plunges",-0.636039510476531,0,25,"Fear",0
"alert",-0.636265013389338,0,1918,"Fear",0
"brink",-0.636614016269706,0,825,"Fear",0
"easing",-0.638483522191188,0,1529,"Fear",1
"downgraded",-0.64025351699913,0,1168,"Fear",0
"downgrades",-0.640478140732812,0,108,"Fear",0
"impacted",-0.64059839327153,0,920,"Fear",0
"owing",-0.640761723747405,0,3323,"Fear",0
"sink",-0.641171160476645,0,667,"Fear",0
"wake",-0.6414455758123,0,2498,"Fear",1
"damp",-0.64283991114539,0,669,"Fear",0
"receded",-0.643021678471692,0,81,"Fear",0
"housing",-0.644565153077258,0,82042,"Fear",1
"snowfall",-0.644831313975232,0,47,"Fear",1
"fix",-0.645365330693337,0,3398,"Fear",0
"avert",-0.645474188326644,0,460,"Fear",0
"stagnation",-0.646266649351634,0,359,"Fear",0
"rebounded",-0.646304471175395,0,14,"Fear",0
"dow",-0.648113845270032,0,74,"Fear",1
"tumbled",-0.648509244187995,0,54,"Fear",0
"debris",-0.64860816760225,0,193,"Fear",0
"shutdown",-0.648683245056784,0,99,"Fear",0
"experienced",-0.648683350439527,0,11956,"Fear",1
"wreck",-0.648921665630837,0,1052,"Fear",0
"drastically",-0.649338903158886,0,721,"Fear",0
"rainfall",-0.649564093899454,0,556,"Fear",1
"staffing",-0.649618185262908,0,2818,"Fear",1
"disappearing",-0.650283390455942,0,771,"Fear",0
"freefall",-0.650833108425866,0,58,"Fear",0
"decade",-0.652422255012753,0,11863,"Fear",1
"crash",-0.653024646348838,0,2615,"Fear",0
"deregulated",-0.655969390243021,0,578,"Fear",0
"soars",-0.656891064154393,0,17,"Fear",0
"humidity",-0.657856110227883,0,11,"Fear",1
"situation",-0.660496217744114,0,79964,"Fear",1
"anticipation",-0.661341665251901,0,1181,"Fear",0
"haiti",-0.661491331590354,0,490,"Fear",1
"amid",-0.662158532019718,0,512,"Fear",0
"shortfall",-0.662840266575365,0,3555,"Fear",0
"skyrocket",-0.664009270433824,0,16,"Fear",0
"upswing",-0.664333851856105,0,60,"Fear",0
"breakdown",-0.664528397581911,0,3337,"Fear",0
"unscathed",-0.665002492858124,0,94,"Fear",0
"assessing",-0.665037851750626,0,2953,"Fear",0
"hover",-0.665439955589876,0,27,"Fear",0
"decrease",-0.666500904796565,0,2472,"Fear",0
"drought",-0.666872349775314,0,876,"Fear",1
"geopolitical",-0.667444916738607,0,275,"Fear",1
"statistics",-0.667447612819213,0,20783,"Fear",1
"disruption",-0.667974346337474,0,3966,"Fear",0
"neared",-0.668453085625321,0,3,"Fear",0
"toll",-0.668741285388407,0,1460,"Fear",0
"devastated",-0.671131455188077,0,1215,"Fear",0
"pct",-0.671947224648096,0,4442,"Fear",1
"devastation",-0.672426857355392,0,1149,"Fear",0
"hasten",-0.672966454672993,0,1032,"Fear",0
"persist",-0.67317030313393,0,1300,"Fear",0
"rescuers",-0.673292447575322,0,36,"Fear",0
"falls",-0.674601951485052,0,5920,"Fear",0
"trickle",-0.675443697634098,0,394,"Fear",0
"fallen",-0.675924904230642,0,12734,"Fear",0
"factors",-0.675987144199832,0,12412,"Fear",1
"worsened",-0.677356016388655,0,612,"Fear",0
"havoc",-0.677760312215031,0,518,"Fear",0
"depress",-0.678125801234328,0,239,"Fear",0
"catastrophic",-0.678224394431002,0,2185,"Fear",0
"drop",-0.679970387966082,0,6964,"Fear",0
"crimp",-0.680479698439823,0,4,"Fear",1
"dip",-0.680616527442384,0,1066,"Fear",0
"scenario",-0.681500731005289,0,3097,"Fear",0
"rains",-0.681518392064967,0,208,"Fear",1
"likely",-0.68168133576244,0,45724,"Fear",1
"anticipating",-0.68215231049029,0,701,"Fear",0
"depletion",-0.68359930368702,0,244,"Fear",0
"overheating",-0.683776733839404,0,299,"Fear",0
"downturns",-0.684893957362848,0,137,"Fear",0
"crises",-0.684894663532856,0,1751,"Fear",0
"experiencing",-0.685218527045523,0,3304,"Fear",0
"lowered",-0.685731309422783,0,709,"Fear",0
"closes",-0.686294947343272,0,946,"Fear",0
"recovering",-0.687600116079373,0,1300,"Fear",0
"affected",-0.687690997479523,0,29830,"Fear",0
"waning",-0.687922182871466,0,59,"Fear",0
"dampened",-0.688130783407802,0,37,"Fear",0
"unsold",-0.690282782573811,0,78,"Fear",0
"soared",-0.690806796261282,0,469,"Fear",0
"materialize",-0.691312028658166,0,3,"Fear",0
"deteriorates",-0.692320728516895,0,189,"Fear",0
"risen",-0.692778033492775,0,8542,"Fear",1
"agas",-0.693096477830867,0,4,"Fear",0
"shrinks",-0.693364070243987,0,72,"Fear",0
"earthquake",-0.693659742888324,0,580,"Fear",1
"sagging",-0.694692130868354,0,7,"Fear",0
"monsoon",-0.694928395527967,0,30,"Fear",1
"tsunami",-0.695214072041213,0,800,"Fear",1
"offset",-0.695823115941907,0,2191,"Fear",0
"stockpiles",-0.696140237863612,0,317,"Fear",0
"climatological",-0.696665276520473,0,4,"Fear",1
"sinks",-0.697521433939249,0,165,"Fear",0
"seasonally",-0.697639651306896,0,126,"Fear",0
"financial",-0.69871157645115,0,88415,"Fear",1
"stagnant",-0.699994850215751,0,233,"Fear",0
"dramatically",-0.700327865092141,0,5522,"Fear",0
"policymakers",-0.702106488456118,0,49,"Fear",1
"surging",-0.702661798756782,0,105,"Fear",0
"patchy",-0.703688214795842,0,857,"Fear",0
"flooding",-0.703781343476654,0,5747,"Fear",0
"foresee",-0.704559808239801,0,1183,"Fear",0
"floods",-0.706857798249613,0,2618,"Fear",0
"volatile",-0.707139976458815,0,753,"Fear",0
"shortages",-0.707598918169645,0,2695,"Fear",0
"due",-0.707656958849067,0,37761,"Fear",0
"tumbling",-0.708324669189163,0,76,"Fear",0
"foreseeable",-0.710148834599578,0,1787,"Fear",0
"declines",-0.710699721552837,0,515,"Fear",0
"pressures",-0.713118545324163,0,10959,"Fear",0
"quake",-0.713176935506872,0,35,"Fear",0
"hardest",-0.713436504316819,0,2269,"Fear",0
"surges",-0.713615325617617,0,135,"Fear",0
"katrina",-0.714707447047713,0,44,"Fear",1
"glaciers",-0.714836667265379,0,47,"Fear",1
"hurricanes",-0.714988235912726,0,92,"Fear",1
"disasters",-0.715028034491642,0,2147,"Fear",0
"stagnate",-0.715958834733792,0,73,"Fear",0
"shortage",-0.716961201222914,0,5274,"Fear",0
"deplete",-0.717468344085077,0,36,"Fear",0
"fed",-0.719065807350207,0,3056,"Fear",1
"cyclone",-0.719725942121022,0,183,"Fear",0
"ravaged",-0.720139137359995,0,166,"Fear",0
"dampen",-0.721334550903705,0,176,"Fear",0
"steepest",-0.721845301278605,0,48,"Fear",0
"affect",-0.723674535193817,0,17843,"Fear",0
"celsius",-0.724202117366407,0,29,"Fear",1
"linger",-0.724296799058446,0,147,"Fear",0
"overnight",-0.725377889475646,0,3517,"Fear",1
"rainy",-0.728701473817037,0,225,"Fear",1
"climatic",-0.7303677420528,0,262,"Fear",1
"collapsing",-0.731141634265952,0,529,"Fear",0
"battered",-0.73221658521502,0,296,"Fear",0
"warming",-0.732324997083243,0,1959,"Fear",1
"traders",-0.735066839177871,0,2337,"Fear",1
"fade",-0.736755113670984,0,247,"Fear",0
"falling",-0.736817859032255,0,10620,"Fear",0
"soaring",-0.739349782247871,0,723,"Fear",0
"fallout",-0.739977268501925,0,246,"Fear",0
"uncertainty",-0.74010424644623,0,9962,"Fear",0
"stabilized",-0.740555928243199,0,1,"Fear",0
"catastrophe",-0.741232018974673,0,1430,"Fear",0
"anticipate",-0.741865202367093,0,4704,"Fear",0
"tailspin",-0.742141941978343,0,12,"Fear",0
"hamper",-0.745028230443132,0,373,"Fear",0
"bottoming",-0.746005086074849,0,17,"Fear",0
"receding",-0.747314060926964,0,66,"Fear",0
"disappear",-0.747849059888027,0,2637,"Fear",0
"melting",-0.749045265172307,0,214,"Fear",1
"worsens",-0.749548242973403,0,120,"Fear",0
"predictions",-0.750112945289083,0,1598,"Fear",0
"nears",-0.751111067132559,0,33,"Fear",0
"conditions",-0.751592302566609,0,32869,"Fear",1
"dimming",-0.752666897127777,0,6,"Fear",1
"flood",-0.755496381310991,0,8173,"Fear",0
"seismic",-0.758189816742398,0,223,"Fear",1
"survive",-0.758941641132446,0,4546,"Fear",0
"tumble",-0.759589527863303,0,106,"Fear",0
"plummeted",-0.759883191841444,0,325,"Fear",0
"impacts",-0.76015668062446,0,3810,"Fear",0
"plunged",-0.762029896117728,0,403,"Fear",0
"landfall",-0.762850508106069,0,18,"Fear",0
"jobless",-0.762920999022467,0,368,"Fear",0
"woes",-0.762974970507372,0,114,"Fear",0
"meteorologists",-0.763427193255282,0,7,"Fear",1
"declining",-0.765616123450906,0,2390,"Fear",0
"worries",-0.765866945427377,0,4974,"Fear",0
"rate",-0.76587081062219,0,64316,"Fear",1
"uncertainties",-0.766135091179981,0,1181,"Fear",0
"weakening",-0.768301553299548,0,920,"Fear",0
"jitters",-0.772678723717091,0,12,"Fear",0
"lag",-0.774109807533151,0,674,"Fear",0
"crisis",-0.776464247790308,0,35847,"Fear",0
"gloom",-0.777678857576251,0,765,"Fear",0
"disruptions",-0.779908386301934,0,135,"Fear",0
"plunging",-0.780592870897706,0,179,"Fear",0
"highs",-0.782716460471678,0,364,"Fear",0
"deterioration",-0.782953832011828,0,1276,"Fear",0
"storms",-0.783500627225941,0,429,"Fear",0
"slowed",-0.785153356383092,0,513,"Fear",0
"surge",-0.788988620735404,0,1430,"Fear",0
"rises",-0.790837244613009,0,7163,"Fear",0
"looming",-0.791126014579106,0,489,"Fear",0
"eurozone",-0.792901835602296,0,5566,"Fear",1
"rising",-0.792907608183015,0,15332,"Fear",0
"crunch",-0.793902129450618,0,1396,"Fear",0
"storm",-0.794501285330605,0,1439,"Fear",0
"slumps",-0.795202035192688,0,23,"Fear",0
"recede",-0.79593354110788,0,84,"Fear",0
"meteorological",-0.79629830993632,0,151,"Fear",1
"glut",-0.796918835573655,0,98,"Fear",0
"recessions",-0.797567786323094,0,1089,"Fear",0
"approaching",-0.800223377268989,0,3227,"Fear",0
"slumping",-0.800657957189039,0,18,"Fear",0
"economists",-0.802217764391541,0,1164,"Fear",1
"worsening",-0.803962898326834,0,783,"Fear",0
"coldest",-0.80462476256084,0,183,"Fear",0
"cope",-0.80951597901531,0,7194,"Fear",0
"shrink",-0.813315079789486,0,564,"Fear",0
"upturn",-0.816483450060495,0,464,"Fear",0
"recover",-0.817132765900296,0,4175,"Fear",0
"recessionary",-0.81783530237222,0,97,"Fear",0
"resales",-0.821575248212256,0,1,"Fear",0
"anytime",-0.8251721780123,0,41,"Fear",0
"prices",-0.828547378114785,0,26141,"Fear",1
"accelerating",-0.828548563315541,0,788,"Fear",0
"slide",-0.831440579239597,0,579,"Fear",0
"sluggish",-0.835969207274363,0,184,"Fear",0
"rates",-0.836732258293312,0,43786,"Fear",0
"recovers",-0.839751868218131,0,326,"Fear",1
"slows",-0.841507760175427,0,168,"Fear",0
"stabilise",-0.841895304869062,0,991,"Fear",0
"deteriorating",-0.842619104751164,0,1164,"Fear",0
"deteriorate",-0.844905308152327,0,717,"Fear",0
"meltdown",-0.84556151353145,0,386,"Fear",0
"fall",-0.850274940512414,0,25530,"Fear",1
"rise",-0.852138241294399,0,32792,"Fear",1
"inflation",-0.852460893959992,0,22146,"Fear",1
"worsen",-0.85275471110442,0,609,"Fear",0
"impact",-0.855411919902589,0,68514,"Fear",1
"decline",-0.85598555163808,0,10150,"Fear",0
"predicting",-0.859519942820652,0,728,"Fear",0
"unemployment",-0.862829967987048,0,38234,"Fear",1
"boom",-0.871051498949084,0,3948,"Fear",1
"plummeting",-0.871479196713169,0,178,"Fear",0
"predicted",-0.873976715633821,0,4034,"Fear",0
"lows",-0.878978304065111,0,155,"Fear",0
"doldrums",-0.883249611152508,0,60,"Fear",0
"slump",-0.886741515404155,0,501,"Fear",0
"hurricane",-0.900203727376307,0,267,"Fear",1
"temperatures",-0.902640019735761,0,702,"Fear",1
"slowing",-0.921677556949221,0,608,"Fear",1
"predict",-0.928812227038377,0,3153,"Fear",0
"soar",-0.935182797015457,0,245,"Fear",0
"inventories",-0.939756613809746,0,43,"Fear",0
"plunge",-0.953948203977573,0,283,"Fear",0
"forecasters",-0.960952467438382,0,399,"Fear",0
"slowdown",-0.971354533889859,0,443,"Fear",0
"downturn",-0.987651795540633,0,3343,"Fear",0
"weather",-0.998364046812139,0,5733,"Fear",1
"recession",-1,0,16471,"Fear",0
"aggravated",1,1,668,"Anger",0
"aggravating",1,1,372,"Anger",0
"aggravation",1,1,179,"Anger",0
"aggression",1,1,1399,"Anger",0
"animosity",1,1,90,"Anger",0
"annoy",1,1,139,"Anger",0
"antagonism",1,1,198,"Anger",0
"argue",1,1,19302,"Anger",0
"argument",1,1,56932,"Anger",0
"brazen",1,1,150,"Anger",0
"contemptible",1,1,194,"Anger",0
"contemptuous",1,1,257,"Anger",0
"cruel",1,1,2289,"Anger",0
"cruelty",1,1,2401,"Anger",0
"depraved",1,1,59,"Anger",0
"detest",1,1,98,"Anger",0
"disgruntled",1,1,154,"Anger",0
"disturbed",1,1,1412,"Anger",0
"duplicity",1,1,194,"Anger",0
"egregious",1,1,308,"Anger",0
"enmity",1,1,60,"Anger",0
"exasperation",1,1,114,"Anger",0
"fallacious",1,1,255,"Anger",0
"falsehood",1,1,107,"Anger",0
"ferocious",1,1,171,"Anger",0
"feud",1,1,67,"Anger",0
"fiend",1,1,7,"Anger",0
"fierce",1,1,589,"Anger",0
"fight",1,1,13537,"Anger",0
"fighting",1,1,9840,"Anger",0
"flagrant",1,1,339,"Anger",0
"foe",1,1,88,"Anger",0
"frowning",1,1,50,"Anger",0
"frustrate",1,1,925,"Anger",0
"frustrated",1,1,2553,"Anger",0
"frustration",1,1,4411,"Anger",0
"fuming",1,1,23,"Anger",0
"furious",1,1,446,"Anger",0
"fury",1,1,395,"Anger",0
"gall",1,1,294,"Anger",0
"glaring",1,1,666,"Anger",0
"grievance",1,1,1047,"Anger",0
"grievous",1,1,490,"Anger",0
"grumble",1,1,75,"Anger",0
"hateful",1,1,88,"Anger",0
"hating",1,1,46,"Anger",0
"hostile",1,1,2179,"Anger",0
"hostility",1,1,1440,"Anger",0
"idiocy",1,1,64,"Anger",0
"illegitimate",1,1,501,"Anger",0
"immoral",1,1,781,"Anger",0
"inadmissible",1,1,150,"Anger",0
"indignant",1,1,95,"Anger",0
"inexcusable",1,1,287,"Anger",0
"inhuman",1,1,258,"Anger",0
"injurious",1,1,178,"Anger",0
"injury",1,1,5200,"Anger",0
"insult",1,1,2277,"Anger",0
"insulting",1,1,1231,"Anger",0
"intolerable",1,1,1629,"Anger",0
"irate",1,1,74,"Anger",0
"ire",1,1,74,"Anger",0
"irritable",1,1,44,"Anger",0
"irritating",1,1,317,"Anger",0
"irritation",1,1,376,"Anger",0
"lie",1,1,7624,"Anger",0
"livid",1,1,37,"Anger",0
"loathe",1,1,106,"Anger",0
"lying",1,1,1581,"Anger",0
"mad",1,1,1425,"Anger",0
"madman",1,1,38,"Anger",0
"malevolent",1,1,190,"Anger",0
"malice",1,1,343,"Anger",0
"malicious",1,1,724,"Anger",0
"malign",1,1,473,"Anger",0
"malpractice",1,1,606,"Anger",0
"menace",1,1,647,"Anger",0
"menacing",1,1,101,"Anger",0
"odious",1,1,277,"Anger",0
"outrage",1,1,2551,"Anger",0
"rage",1,1,378,"Anger",0
"raging",1,1,286,"Anger",0
"resent",1,1,963,"Anger",0
"resentful",1,1,118,"Anger",0
"revenge",1,1,431,"Anger",0
"scourge",1,1,1110,"Anger",0
"sham",1,1,1008,"Anger",0
"snarl",1,1,35,"Anger",0
"spat",1,1,250,"Anger",0
"spite",1,1,2283,"Anger",0
"spiteful",1,1,153,"Anger",0
"threaten",1,1,2917,"Anger",0
"tirade",1,1,126,"Anger",0
"vehement",1,1,112,"Anger",0
"vengeful",1,1,23,"Anger",0
"vicious",1,1,1430,"Anger",0
"wrath",1,1,367,"Anger",0
"wrongdoing",1,1,1024,"Anger",0
"wrongly",1,1,2618,"Anger",0
"yell",1,1,35,"Anger",0
"aftermath",-1,1,1916,"Fear",0
"alarm",-1,1,2056,"Fear",0
"apprehension",-1,1,432,"Fear",0
"apprehensive",-1,1,202,"Fear",0
"averse",-1,1,471,"Fear",0
"aversion",-1,1,233,"Fear",0
"avoid",-1,1,17949,"Fear",0
"beware",-1,1,380,"Fear",0
"caution",-1,1,4339,"Fear",0
"chaos",-1,1,4278,"Fear",0
"collapse",-1,1,5928,"Fear",0
"concerned",-1,1,70623,"Fear",0
"decay",-1,1,524,"Fear",0
"deleterious",-1,1,278,"Fear",0
"dire",-1,1,1953,"Fear",0
"dismal",-1,1,650,"Fear",0
"doom",-1,1,760,"Fear",0
"downfall",-1,1,168,"Fear",0
"dread",-1,1,393,"Fear",0
"emergency",-1,1,21936,"Fear",0
"endanger",-1,1,622,"Fear",0
"falter",-1,1,105,"Fear",0
"fearfully",-1,1,12,"Fear",0
"fearing",-1,1,277,"Fear",0
"fled",-1,1,845,"Fear",0
"flee",-1,1,550,"Fear",0
"foreboding",-1,1,87,"Fear",0
"forewarned",-1,1,56,"Fear",0
"fraught",-1,1,497,"Fear",0
"fright",-1,1,64,"Fear",0
"frighten",-1,1,481,"Fear",0
"grave",-1,1,5792,"Fear",0
"hazard",-1,1,1307,"Fear",0
"hazardous",-1,1,943,"Fear",0
"helpless",-1,1,171,"Fear",0
"helplessness",-1,1,66,"Fear",0
"hide",-1,1,3477,"Fear",0
"hiding",-1,1,1356,"Fear",0
"horror",-1,1,2087,"Fear",0
"imminent",-1,1,1636,"Fear",0
"impending",-1,1,581,"Fear",0
"insecure",-1,1,734,"Fear",0
"insecurity",-1,1,1637,"Fear",0
"instability",-1,1,2705,"Fear",0
"intimidate",-1,1,495,"Fear",0
"intimidation",-1,1,2732,"Fear",0
"invade",-1,1,434,"Fear",0
"invader",-1,1,20,"Fear",0
"irrational",-1,1,595,"Fear",0
"irreparable",-1,1,142,"Fear",0
"isolated",-1,1,3607,"Fear",0
"jeopardize",-1,1,6,"Fear",0
"misfortune",-1,1,648,"Fear",0
"nervous",-1,1,1416,"Fear",0
"nervousness",-1,1,233,"Fear",0
"neurosis",-1,1,20,"Fear",0
"neurotic",-1,1,35,"Fear",0
"nightmare",-1,1,1883,"Fear",0
"omen",-1,1,59,"Fear",0
"ominous",-1,1,162,"Fear",0
"panic",-1,1,1459,"Fear",0
"peril",-1,1,1013,"Fear",0
"perilous",-1,1,231,"Fear",0
"pernicious",-1,1,1076,"Fear",0
"pessimism",-1,1,323,"Fear",0
"pitfall",-1,1,33,"Fear",0
"plague",-1,1,318,"Fear",0
"plight",-1,1,3104,"Fear",0
"plummet",-1,1,111,"Fear",0
"precipice",-1,1,85,"Fear",0
"predicament",-1,1,682,"Fear",0
"risky",-1,1,1080,"Fear",0
"ruinous",-1,1,142,"Fear",0
"sabotage",-1,1,268,"Fear",0
"scarcity",-1,1,307,"Fear",0
"scare",-1,1,1189,"Fear",0
"startle",-1,1,6,"Fear",0
"terror",-1,1,2741,"Fear",0
"treacherous",-1,1,110,"Fear",0
"trepidation",-1,1,592,"Fear",0
"tumult",-1,1,13,"Fear",0
"turbulence",-1,1,563,"Fear",0
"turbulent",-1,1,283,"Fear",0
"turmoil",-1,1,775,"Fear",0
"unknown",-1,1,1761,"Fear",0
"unsafe",-1,1,1597,"Fear",0
"unsettled",-1,1,113,"Fear",0
"unstable",-1,1,948,"Fear",0
"upheaval",-1,1,641,"Fear",0
"urgent",-1,1,17115,"Fear",0
"verge",-1,1,561,"Fear",0
"vigilant",-1,1,1219,"Fear",0
"volatility",-1,1,640,"Fear",0
"vulnerability",-1,1,1047,"Fear",0
"warn",-1,1,2217,"Fear",0
"warned",-1,1,4951,"Fear",0
"warning",-1,1,6761,"Fear",0
"wary",-1,1,1156,"Fear",0
"waver",-1,1,59,"Fear",0
"worrying",-1,1,8312,"Fear",0
